-- phpMyAdmin SQL Dump
-- version 5.0.2
-- https://www.phpmyadmin.net/
--
-- Host: 127.0.0.1:3306
-- Generation Time: Feb 05, 2022 at 11:01 AM
-- Server version: 5.7.31
-- PHP Version: 7.3.21

SET SQL_MODE = "NO_AUTO_VALUE_ON_ZERO";
START TRANSACTION;
SET time_zone = "+00:00";


/*!40101 SET @OLD_CHARACTER_SET_CLIENT=@@CHARACTER_SET_CLIENT */;
/*!40101 SET @OLD_CHARACTER_SET_RESULTS=@@CHARACTER_SET_RESULTS */;
/*!40101 SET @OLD_COLLATION_CONNECTION=@@COLLATION_CONNECTION */;
/*!40101 SET NAMES utf8mb4 */;

--
-- Database: `dream`
--

-- --------------------------------------------------------

--
-- Table structure for table `categories`
--

DROP TABLE IF EXISTS `categories`;
CREATE TABLE IF NOT EXISTS `categories` (
  `cat_id` int(11) NOT NULL AUTO_INCREMENT,
  `cat_name` varchar(255) NOT NULL,
  `created_at` timestamp NOT NULL DEFAULT CURRENT_TIMESTAMP,
  PRIMARY KEY (`cat_id`)
) ENGINE=MyISAM AUTO_INCREMENT=11 DEFAULT CHARSET=latin1;

--
-- Dumping data for table `categories`
--

INSERT INTO `categories` (`cat_id`, `cat_name`, `created_at`) VALUES
(1, 'Internet', '2021-08-29 08:22:27'),
(2, 'Comedy', '2021-08-29 08:25:22'),
(3, 'gaming', '2021-08-29 19:02:08'),
(4, 'test', '2021-08-30 04:50:32'),
(5, 'gossips', '2021-09-07 05:05:15'),
(6, 'space', '2021-09-07 19:30:07'),
(7, 'new article', '2022-01-30 15:26:42'),
(8, 'football', '2022-01-30 15:30:11'),
(9, 'cricket', '2022-02-04 15:43:32'),
(10, 'new category', '2022-02-04 16:45:28');

-- --------------------------------------------------------

--
-- Table structure for table `comments`
--

DROP TABLE IF EXISTS `comments`;
CREATE TABLE IF NOT EXISTS `comments` (
  `comment_id` bigint(20) NOT NULL AUTO_INCREMENT,
  `text` longtext NOT NULL,
  `comment_date` timestamp NOT NULL DEFAULT CURRENT_TIMESTAMP,
  `likes` bigint(20) NOT NULL DEFAULT '0',
  `dislikes` bigint(20) NOT NULL DEFAULT '0',
  `post_id` bigint(20) NOT NULL,
  `author` varchar(255) NOT NULL,
  PRIMARY KEY (`comment_id`)
) ENGINE=MyISAM AUTO_INCREMENT=99 DEFAULT CHARSET=latin1;

--
-- Dumping data for table `comments`
--

INSERT INTO `comments` (`comment_id`, `text`, `comment_date`, `likes`, `dislikes`, `post_id`, `author`) VALUES
(98, 'I am the blog man and i am commentin on this articles', '2022-02-05 07:00:01', 0, 0, 35, '7dfc40daace031c7ac9c755cddafec6c'),
(97, 'I just commented on thi articel', '2022-02-05 05:32:15', 0, 0, 34, '62d13cbb5bc791305f4bd04372fb86fc'),
(96, 'how about thursday?', '2022-02-04 17:32:23', 0, 0, 35, '62d13cbb5bc791305f4bd04372fb86fc'),
(95, 'this is jjts a comments from me', '2022-02-04 17:31:57', 0, 0, 35, '62d13cbb5bc791305f4bd04372fb86fc'),
(94, 'i think u sould try wpress', '2022-02-02 20:17:21', 0, 0, 8, '62d13cbb5bc791305f4bd04372fb86fc'),
(93, 'comment from me', '2022-02-02 20:16:13', 0, 0, 24, '62d13cbb5bc791305f4bd04372fb86fc'),
(92, 'ANother commetn from my side', '2022-02-02 20:13:48', 0, 0, 10, '62d13cbb5bc791305f4bd04372fb86fc'),
(91, 'This is gonna be first comment', '2022-02-02 19:45:21', 0, 0, 10, '62d13cbb5bc791305f4bd04372fb86fc');

-- --------------------------------------------------------

--
-- Table structure for table `comment_replies`
--

DROP TABLE IF EXISTS `comment_replies`;
CREATE TABLE IF NOT EXISTS `comment_replies` (
  `reply_id` bigint(20) NOT NULL AUTO_INCREMENT,
  `comment_id` bigint(20) NOT NULL,
  `post_id` bigint(20) NOT NULL,
  `reply_date` timestamp NOT NULL DEFAULT CURRENT_TIMESTAMP,
  `text` longtext NOT NULL,
  `author_id` varchar(200) NOT NULL,
  PRIMARY KEY (`reply_id`)
) ENGINE=MyISAM AUTO_INCREMENT=38 DEFAULT CHARSET=latin1;

--
-- Dumping data for table `comment_replies`
--

INSERT INTO `comment_replies` (`reply_id`, `comment_id`, `post_id`, `reply_date`, `text`, `author_id`) VALUES
(1, 2, 4, '2021-09-02 05:53:54', ' Showing rows 0 - 1 (2 total, Query took 0.0004 seconds.)', ''),
(2, 20, 6, '2021-09-04 16:21:07', 'my first test reply', ''),
(3, 20, 6, '2021-09-04 16:22:00', 'my second reply', ''),
(4, 21, 6, '2021-09-04 16:23:16', 'this is my first reply..... on this post seriously!', ''),
(5, 21, 6, '2021-09-04 16:24:03', 'this is cookie test', ''),
(6, 21, 6, '2021-09-04 16:26:38', 'another one', ''),
(7, 21, 6, '2021-09-04 16:37:56', 'khan', ''),
(8, 21, 6, '2021-09-04 16:38:59', 'ni*****', ''),
(23, 57, 6, '2021-09-04 19:13:57', 'first of all NO!', ''),
(10, 44, 6, '2021-09-04 16:52:54', 'typing.....................\r\n..........................-------------------', ''),
(11, 21, 6, '2021-09-04 17:29:23', 'nice amir khan', ''),
(12, 21, 6, '2021-09-04 17:30:11', 'i am serious about this', ''),
(13, 48, 6, '2021-09-04 18:19:46', 'hi darcy u r wrong', ''),
(14, 48, 6, '2021-09-04 18:20:54', 'there are certain reasons', ''),
(15, 48, 6, '2021-09-04 18:26:31', 'again i m sorry', ''),
(16, 48, 6, '2021-09-04 18:28:01', 'jhon cena', ''),
(17, 49, 6, '2021-09-04 18:29:24', 'jhonny malware', ''),
(24, 74, 6, '2021-09-04 19:30:31', 'literally brother', ''),
(19, 57, 6, '2021-09-04 18:48:26', 'i just replied to cookie\r\n\r\ncerel i amd niw', ''),
(25, 79, 5, '2021-09-04 19:33:06', 'who&#039;s speaking', ''),
(26, 80, 5, '2021-09-04 19:33:26', 'pk done', ''),
(27, 80, 5, '2021-09-04 19:34:09', 'new try thing this', ''),
(28, 80, 5, '2021-09-04 19:34:35', 'save the save btn', ''),
(29, 79, 5, '2021-09-04 19:35:07', 'i am not even joking', ''),
(30, 82, 5, '2021-09-04 19:35:25', 'yes', ''),
(31, 41, 4, '2021-09-05 10:57:35', 'no but why', ''),
(32, 91, 10, '2022-02-02 20:13:24', 'I replied to myself', '62d13cbb5bc791305f4bd04372fb86fc'),
(33, 92, 10, '2022-02-02 20:14:06', 'This is from me jk', '62d13cbb5bc791305f4bd04372fb86fc'),
(34, 93, 24, '2022-02-02 20:16:24', 'I think u r right', '62d13cbb5bc791305f4bd04372fb86fc'),
(35, 95, 35, '2022-02-04 17:32:10', 'this is again my reply', '62d13cbb5bc791305f4bd04372fb86fc'),
(36, 97, 34, '2022-02-05 05:42:13', 'reply', '62d13cbb5bc791305f4bd04372fb86fc'),
(37, 96, 35, '2022-02-05 07:00:27', 'Thursday is a gtreta day ;}', '7dfc40daace031c7ac9c755cddafec6c');

-- --------------------------------------------------------

--
-- Table structure for table `drafts`
--

DROP TABLE IF EXISTS `drafts`;
CREATE TABLE IF NOT EXISTS `drafts` (
  `id` bigint(20) NOT NULL AUTO_INCREMENT,
  `post_author` varchar(255) NOT NULL,
  `draft_date` timestamp NOT NULL DEFAULT CURRENT_TIMESTAMP,
  `post_content` longtext NOT NULL,
  `post_title` text NOT NULL,
  `comment_status` varchar(20) NOT NULL DEFAULT 'open',
  `post_modified` timestamp NOT NULL DEFAULT CURRENT_TIMESTAMP,
  `post_categoryID` int(11) NOT NULL,
  `post_keywords` text NOT NULL,
  `post_meta_descp` text NOT NULL,
  `post_tag` text NOT NULL,
  `post_feature_image` text NOT NULL,
  PRIMARY KEY (`id`)
) ENGINE=MyISAM AUTO_INCREMENT=19 DEFAULT CHARSET=latin1;

--
-- Dumping data for table `drafts`
--

INSERT INTO `drafts` (`id`, `post_author`, `draft_date`, `post_content`, `post_title`, `comment_status`, `post_modified`, `post_categoryID`, `post_keywords`, `post_meta_descp`, `post_tag`, `post_feature_image`) VALUES
(1, '9bb707b84eb0d6330d0ec69386edf84f', '2021-09-08 17:10:55', '<p><br></p><table class=\"table table-bordered\"><tbody><tr><td>serious<br></td><td>serious<br></td></tr><tr><td>serious<br></td><td>serious<br></td></tr></tbody></table><p><br></p><p>ijlkjkasas</p><p><br></p>', '', 'open', '2021-09-08 17:10:55', 4, 'test draft', 'serious', '', ''),
(2, '9bb707b84eb0d6330d0ec69386edf84f', '2021-09-08 17:17:43', '<p><br></p>', 'kjkjh', 'close', '2021-09-08 17:17:43', 1, '', '', '', ''),
(7, '9bb707b84eb0d6330d0ec69386edf84f', '2021-09-08 17:27:41', '<p>ahahahahhahahahahhhahahahaha</p><p>ahahhahaahahahahhahahahahhhahahahaha</p><p>ahahhahaahahahahhahahahahhhahahahaha</p><p>ahahhahaahahahahhahahahahhhahahahaha</p><p>ahahhahaahahahahhahahahahhhahahahaha</p><p>ahahhahaahahahahhahahahahhhahahahaha</p><p>ahahhahaahahahahhahahahahhhahahahaha</p><p>ahahhahaahahahahhahahahahhhahahahaha</p><p>ahahhahaahahahahhahahahahhhahahahaha</p><p>ahahhahaahahahahhahahahahhhahahahaha</p><p>ahahhahaahahahahhahahahahhhahahahaha&nbsp; &nbsp;</p><p>ahahhahaahahahahhahahahahhhahahahaha</p><p>ahahhahaahahahahhahahahahhhahahahaha</p><p>ahahhahaahahahahhahahahahhhahahahaha</p><p>ahahhahaahahahahhahahahahhhahahahaha</p><p>ahahhahaahahahahhahahahahhhahahahaha</p><p>ahahhaha</p>', '', 'open', '2021-09-08 17:27:41', 0, '', '', '', ''),
(8, '9bb707b84eb0d6330d0ec69386edf84f', '2021-09-08 17:27:41', '<p>ahahahahhahahahahhhahahahaha</p><p>ahahhahaahahahahhahahahahhhahahahaha</p><p>ahahhahaahahahahhahahahahhhahahahaha</p><p>ahahhahaahahahahhahahahahhhahahahaha</p><p>ahahhahaahahahahhahahahahhhahahahaha</p><p>ahahhahaahahahahhahahahahhhahahahaha</p><p>ahahhahaahahahahhahahahahhhahahahaha</p><p>ahahhahaahahahahhahahahahhhahahahaha</p><p>ahahhahaahahahahhahahahahhhahahahaha</p><p>ahahhahaahahahahhahahahahhhahahahaha</p><p>ahahhahaahahahahhahahahahhhahahahaha&nbsp; &nbsp;</p><p>ahahhahaahahahahhahahahahhhahahahaha</p><p>ahahhahaahahahahhahahahahhhahahahaha</p><p>ahahhahaahahahahhahahahahhhahahahaha</p><p>ahahhahaahahahahhahahahahhhahahahaha</p><p>ahahhahaahahahahhahahahahhhahahahaha</p><p>ahahhaha</p>', '', 'open', '2021-09-08 17:27:41', 0, '', '', '', ''),
(13, '9bb707b84eb0d6330d0ec69386edf84f', '2021-09-08 19:08:36', '', '', '', '2021-09-08 19:08:36', 0, '', '', '', ''),
(12, '9bb707b84eb0d6330d0ec69386edf84f', '2021-09-08 18:07:11', '', '', '', '2021-09-08 18:07:11', 0, '', '', '', '../feature/1afa34a7f984eeabdbb0a7d494132ee5.jpg'),
(14, '9bb707b84eb0d6330d0ec69386edf84f', '2021-09-08 19:10:44', '', '', '', '2021-09-08 19:10:44', 0, '', '', '', ''),
(15, '9bb707b84eb0d6330d0ec69386edf84f', '2021-09-08 19:12:31', '', '', '', '2021-09-08 19:12:31', 0, '', '', '', ''),
(16, '9bb707b84eb0d6330d0ec69386edf84f', '2021-09-08 19:15:19', '', '', '', '2021-09-08 19:15:19', 0, '', '', '', ''),
(17, '9bb707b84eb0d6330d0ec69386edf84f', '2021-09-08 19:18:42', '', '', '', '2021-09-08 19:18:42', 0, '', '', '', ''),
(18, '9bb707b84eb0d6330d0ec69386edf84f', '2021-09-08 19:21:28', '<p><img src=\"../posts/65b9eea6e1cc6bb9f0cd2a47751a186f.jpg\" alt=\"sdsdfsdsdsfdfdfedfdewrrrrrrrrrr\" title=\"sdsdfsdsdsfdfdfedfdewrrrrrrrrrr\" style=\"width: 25%;\">&nbsp; &nbsp;&nbsp;sdsdfsdsdsfdfdfedfdewrrrrrrrrrr&nbsp;sdsdfsdsdsfdfdfedfdewrrrrrrrrrrsdsdfsdsdsfdfdfedfdewrrrrrrrrrrsdsdfsdsdsfdfdfedfdewrrrrrrrrrrsdsdfsdsdsfdfdfedfdewrrrrrrrrrrsdsdfsdsdsfdfdfedfdewrrrrrrrrrrsdsdfsdsdsfdfdfedfdewrrrrrrrrrrsdsdfsdsdsfdfdfedfdewrrrrrrrrrrsdsdfsdsdsfdfdfedfdewrrrrrrrrrrsdsdfsdsdsfdfdfedfdewrrrrrrrrrr</p><p>sdsdfsdsdsfdf <a href=\"https://stackoverflow.com/questions/5568965/get-data-from-mysql-database-to-use-in-javascript\" target=\"_blank\">dfedfdew</a>&nbsp;<br></p>', '', 'open', '2021-09-08 19:21:28', 0, '', '', '', '');

-- --------------------------------------------------------

--
-- Table structure for table `posts`
--

DROP TABLE IF EXISTS `posts`;
CREATE TABLE IF NOT EXISTS `posts` (
  `id` bigint(20) NOT NULL AUTO_INCREMENT,
  `post_author` varchar(255) NOT NULL,
  `post_date` timestamp NOT NULL DEFAULT CURRENT_TIMESTAMP,
  `post_content` longtext NOT NULL,
  `post_title` text NOT NULL,
  `post_status` varchar(20) NOT NULL DEFAULT 'publish',
  `comment_status` varchar(20) NOT NULL DEFAULT 'open',
  `post_comment_count` bigint(20) NOT NULL DEFAULT '0',
  `post_modified` timestamp NOT NULL DEFAULT CURRENT_TIMESTAMP,
  `post_categoryID` int(11) NOT NULL,
  `post_tags` text NOT NULL,
  `post_feature_image` text NOT NULL,
  `post_views` bigint(20) NOT NULL DEFAULT '0',
  `post_likes` bigint(20) NOT NULL DEFAULT '0',
  `post_dislikes` bigint(20) NOT NULL DEFAULT '0',
  PRIMARY KEY (`id`)
) ENGINE=MyISAM AUTO_INCREMENT=36 DEFAULT CHARSET=latin1;

--
-- Dumping data for table `posts`
--

INSERT INTO `posts` (`id`, `post_author`, `post_date`, `post_content`, `post_title`, `post_status`, `comment_status`, `post_comment_count`, `post_modified`, `post_categoryID`, `post_tags`, `post_feature_image`, `post_views`, `post_likes`, `post_dislikes`) VALUES
(6, '2fa9b4ef82af6ff6a450768e01fd9427', '2021-08-29 19:41:07', '<p>kllkjlkjljljl sjdflkdf dklgjndf gpodfg dfog dsgsdpgskgn sdg kllkjlkjljljl sjdflkdf dklgjndf gpodfg dfog dsgsdpgskgn sdgkllkjlkjljljl sjdflkdf dklgjndf gpodfg dfog dsgsdpgskgn sdg kllkjlkjljljl sjdflkdf dklgjndf gpodfg dfog dsgsdpgskgn sdg</p><p>s<font color=\"#000000\" style=\"background-color: rgb(255, 255, 0);\">dfsdf</font></p><p><font color=\"#000000\" style=\"background-color: rgb(255, 255, 0);\">sfsdfsdfsdfsdf</font></p>', 'Lorem iPsum is gOog', 'publish', 'open', 0, '2021-08-29 19:41:07', 3, 'lkjjjjjjjjj', '../feature/f7e6c85504ce6e82442c770f7c8606f0.PNG', 161, 5, 2),
(5, '2fa9b4ef82af6ff6a450768e01fd9427', '2021-08-29 19:40:06', '<p>kllkjlkjljljl sjdflkdf dklgjndf gpodfg dfog dsgsdpgskgn sdg</p><p>s<font color=\"#000000\" style=\"background-color: rgb(255, 255, 0);\">dfsdf</font></p><p><font color=\"#000000\" style=\"background-color: rgb(255, 255, 0);\">sfsdfsdfsdfsdf</font></p>', 'qqqqqqqqqqqq', 'publish', 'close', 0, '2021-08-29 19:40:06', 1, 'qqqqqqqqqqqq', '../feature/2b44928ae11fb9384c4cf38708677c48.jpg', 34, 1, 0),
(4, '2fa9b4ef82af6ff6a450768e01fd9427', '2021-08-29 19:36:06', '<blockquote>sdfsdfksdlfkjsdklfsdf</blockquote><p><br></p><h2>dfsdfsdf</h2><p><img src=\"../posts/37a749d808e46495a8da1e5352d03cae.jpg\" alt=\"dsfsdfsdf\">&nbsp; &nbsp;</p><p><img src=\"../posts/7f6ffaa6bb0b408017b62254211691b5.gif\" alt=\"klmmkmkl\" style=\"width: 25%; float: right;\" class=\"note-float-right\"><br></p>', 'gvfcrtdftv', 'publish', 'close', 0, '2021-08-29 19:36:06', 2, ',./,./l;', '../feature/37a749d808e46495a8da1e5352d03cae.jpg', 353, 14, 6),
(7, '2fa9b4ef82af6ff6a450768e01fd9427', '2021-08-29 19:45:09', '<p>kllkjlkjljljl sjdflkdf dklgjndf gpodfg dfog dsgsdpgskgn sdg kllkjlkjljljl sjdflkdf dklgjndf gpodfg dfog dsgsdpgskgn sdg kllkjlkjljljl sjdflkdf dklgjndf gpodfg dfog dsgsdpgskgn sdg kllkjlkjljljl sjdflkdf dklgjndf gpodfg dfog dsgsdpgskgn sdg kllkjlkjljljl sjdflkdf dklgjndf gpodfg dfog dsgsdpgskgn sdg kllkjlkjljljl sjdflkdf dklgjndf gpodfg dfog dsgsdpgskgn sdg kllkjlkjljljl sjdflkdf dklgjndf gpodfg dfog dsgsdpgskgn sdg kllkjlkjljljl sjdflkdf dklgjndf gpodfg dfog dsgsdpgskgn sdg\r\n\r\nsdfsdf\r\n\r\nsfsdfsdfsdfsdfkllkjlkjljljl sjdflkdf dklgjndf gpodfg dfog dsgsdpgskgn sdg kllkjlkjljljl sjdflkdf dklgjndf gpodfg dfog dsgsdpgskgn sdg kllkjlkjljljl sjdflkdf dklgjndf gpodfg dfog dsgsdpgskgn sdg kllkjlkjljljl sjdflkdf dklgjndf gpodfg dfog dsgsdpgskgn sdg kllkjlkjljljl sjdflkdf dklgjndf gpodfg dfog dsgsdpgskgn sdg kllkjlkjljljl sjdflkdf dklgjndf gpodfg dfog dsgsdpgskgn sdg\r\n\r\nsdfsdf\r\n\r\nsfsdfsdfsdfsdf\r\n\r\n kllkjlkjljljl sjdflkdf dklgjndf gpodfg dfog dsgsdpgskgn sdg\r\n\r\n kllkjlkjljljl sjdflkdf dklgjndf gpodfg dfog dsgsdpgskgn sdg\r\n\r\n kllkjlkjljljl sjdflkdf dklgjndf gpodfg dfog dsgsdpgskgn sdg\r\n\r\n kllkjlkjljljl sjdflkdf dklgjndf gpodfg dfog dsgsdpgskgn sdg\r\n\r\n</p><p>s<font color=\"#000000\" style=\"background-color: rgb(255, 255, 0);\">dfsdf</font></p><p><font color=\"#000000\" style=\"background-color: rgb(255, 255, 0);\">sfsdfsdfsdfsdf</font></p>', 'Lorem IPsum', 'publish', 'open', 0, '2021-08-29 19:45:09', 3, ';lkk;', '../feature/cedebb6e872f539bef8c3f919874e9d7.jpg', 85, 0, 0),
(8, '2fa9b4ef82af6ff6a450768e01fd9427', '2021-09-05 10:27:20', '<p><span style=\"color: rgb(77, 81, 86); font-family: arial, sans-serif;\">Is there any way to&nbsp;</span><span style=\"font-weight: bold; color: rgb(95, 99, 104); font-family: arial, sans-serif;\">reset</span><span style=\"color: rgb(77, 81, 86); font-family: arial, sans-serif;\">&nbsp;the pointer to the start of the query?</span><span style=\"color: rgb(77, 81, 86); font-family: arial, sans-serif;\">Is there any way to&nbsp;</span><span style=\"font-weight: bold; color: rgb(95, 99, 104); font-family: arial, sans-serif;\">reset</span><span style=\"color: rgb(77, 81, 86); font-family: arial, sans-serif;\">&nbsp;the pointer to the start of the query?</span><span style=\"color: rgb(77, 81, 86); font-family: arial, sans-serif;\">Is there any way to&nbsp;</span><span style=\"font-weight: bold; color: rgb(95, 99, 104); font-family: arial, sans-serif;\">reset</span><span style=\"color: rgb(77, 81, 86); font-family: arial, sans-serif;\">&nbsp;the pointer to the start of the query?</span><span style=\"color: rgb(77, 81, 86); font-family: arial, sans-serif;\">Is there any way to&nbsp;</span><span style=\"font-weight: bold; color: rgb(95, 99, 104); font-family: arial, sans-serif;\">reset</span><span style=\"color: rgb(77, 81, 86); font-family: arial, sans-serif;\">&nbsp;the pointer to the start of the query?</span><span style=\"color: rgb(77, 81, 86); font-family: arial, sans-serif;\">Is there any way to&nbsp;</span><span style=\"font-weight: bold; color: rgb(95, 99, 104); font-family: arial, sans-serif;\">reset</span><span style=\"color: rgb(77, 81, 86); font-family: arial, sans-serif;\">&nbsp;the pointer to the start of the query?</span><span style=\"color: rgb(77, 81, 86); font-family: arial, sans-serif;\">Is there any way to&nbsp;</span><span style=\"font-weight: bold; color: rgb(95, 99, 104); font-family: arial, sans-serif;\">reset</span><span style=\"color: rgb(77, 81, 86); font-family: arial, sans-serif;\">&nbsp;the pointer to the start of the query?</span><span style=\"color: rgb(77, 81, 86); font-family: arial, sans-serif;\">Is there any way to&nbsp;</span><span style=\"font-weight: bold; color: rgb(95, 99, 104); font-family: arial, sans-serif;\">reset</span><span style=\"color: rgb(77, 81, 86); font-family: arial, sans-serif;\">&nbsp;the pointer to the start of the query?</span><span style=\"color: rgb(77, 81, 86); font-family: arial, sans-serif;\">Is there any way to&nbsp;</span><span style=\"font-weight: bold; color: rgb(95, 99, 104); font-family: arial, sans-serif;\">reset</span><span style=\"color: rgb(77, 81, 86); font-family: arial, sans-serif;\">&nbsp;the pointer to the start of the query?</span><span style=\"color: rgb(77, 81, 86); font-family: arial, sans-serif;\">Is there any way to&nbsp;</span><span style=\"font-weight: bold; color: rgb(95, 99, 104); font-family: arial, sans-serif;\">reset</span><span style=\"color: rgb(77, 81, 86); font-family: arial, sans-serif;\">&nbsp;the pointer to the start of the query?</span><span style=\"color: rgb(77, 81, 86); font-family: arial, sans-serif;\">Is there any way to&nbsp;</span><span style=\"font-weight: bold; color: rgb(95, 99, 104); font-family: arial, sans-serif;\">reset</span><span style=\"color: rgb(77, 81, 86); font-family: arial, sans-serif;\">&nbsp;the pointer to the start of the query?</span><span style=\"color: rgb(77, 81, 86); font-family: arial, sans-serif;\">Is there any way to&nbsp;</span><span style=\"font-weight: bold; color: rgb(95, 99, 104); font-family: arial, sans-serif;\">reset</span><span style=\"color: rgb(77, 81, 86); font-family: arial, sans-serif;\">&nbsp;the pointer to the start of the query?</span><span style=\"color: rgb(77, 81, 86); font-family: arial, sans-serif;\">Is there any way to&nbsp;</span><span style=\"font-weight: bold; color: rgb(95, 99, 104); font-family: arial, sans-serif;\">reset</span><span style=\"color: rgb(77, 81, 86); font-family: arial, sans-serif;\">&nbsp;the pointer to the start of the query?</span><span style=\"color: rgb(77, 81, 86); font-family: arial, sans-serif;\">Is there any way to&nbsp;</span><span style=\"font-weight: bold; color: rgb(95, 99, 104); font-family: arial, sans-serif;\">reset</span><span style=\"color: rgb(77, 81, 86); font-family: arial, sans-serif;\">&nbsp;the pointer to the start of the query?</span><span style=\"color: rgb(77, 81, 86); font-family: arial, sans-serif;\">Is there any way to&nbsp;</span><span style=\"font-weight: bold; color: rgb(95, 99, 104); font-family: arial, sans-serif;\">reset</span><span style=\"color: rgb(77, 81, 86); font-family: arial, sans-serif;\">&nbsp;the pointer to the start of the query?</span><span style=\"color: rgb(77, 81, 86); font-family: arial, sans-serif;\">Is there any way to&nbsp;</span><span style=\"font-weight: bold; color: rgb(95, 99, 104); font-family: arial, sans-serif;\">reset</span><span style=\"color: rgb(77, 81, 86); font-family: arial, sans-serif;\">&nbsp;the pointer to the start of the query?</span><span style=\"color: rgb(77, 81, 86); font-family: arial, sans-serif;\">Is there any way to&nbsp;</span><span style=\"font-weight: bold; color: rgb(95, 99, 104); font-family: arial, sans-serif;\">reset</span><span style=\"color: rgb(77, 81, 86); font-family: arial, sans-serif;\">&nbsp;the pointer to the start of the query?</span><span style=\"color: rgb(77, 81, 86); font-family: arial, sans-serif;\">Is there any way to&nbsp;</span><span style=\"font-weight: bold; color: rgb(95, 99, 104); font-family: arial, sans-serif;\">reset</span><span style=\"color: rgb(77, 81, 86); font-family: arial, sans-serif;\">&nbsp;the pointer to the start of the query?</span><span style=\"color: rgb(77, 81, 86); font-family: arial, sans-serif;\">Is there any way to&nbsp;</span><span style=\"font-weight: bold; color: rgb(95, 99, 104); font-family: arial, sans-serif;\">reset</span><span style=\"color: rgb(77, 81, 86); font-family: arial, sans-serif;\">&nbsp;the pointer to the start of the query?</span><span style=\"color: rgb(77, 81, 86); font-family: arial, sans-serif;\">Is there any way to&nbsp;</span><span style=\"font-weight: bold; color: rgb(95, 99, 104); font-family: arial, sans-serif;\">reset</span><span style=\"color: rgb(77, 81, 86); font-family: arial, sans-serif;\">&nbsp;the pointer to the start of the query?</span><span style=\"color: rgb(77, 81, 86); font-family: arial, sans-serif;\">Is there any way to&nbsp;</span><span style=\"font-weight: bold; color: rgb(95, 99, 104); font-family: arial, sans-serif;\">reset</span><span style=\"color: rgb(77, 81, 86); font-family: arial, sans-serif;\">&nbsp;the pointer to the start of the query?</span><span style=\"color: rgb(77, 81, 86); font-family: arial, sans-serif;\">Is there any way to&nbsp;</span><span style=\"font-weight: bold; color: rgb(95, 99, 104); font-family: arial, sans-serif;\">reset</span><span style=\"color: rgb(77, 81, 86); font-family: arial, sans-serif;\">&nbsp;the pointer to the start of the query?</span><span style=\"color: rgb(77, 81, 86); font-family: arial, sans-serif;\">Is there any way to&nbsp;</span><span style=\"font-weight: bold; color: rgb(95, 99, 104); font-family: arial, sans-serif;\">reset</span><span style=\"color: rgb(77, 81, 86); font-family: arial, sans-serif;\">&nbsp;the pointer to the start of the query?</span><span style=\"color: rgb(77, 81, 86); font-family: arial, sans-serif;\">Is there any way to&nbsp;</span><span style=\"font-weight: bold; color: rgb(95, 99, 104); font-family: arial, sans-serif;\">reset</span><span style=\"color: rgb(77, 81, 86); font-family: arial, sans-serif;\">&nbsp;the pointer to the start of the query?</span><span style=\"color: rgb(77, 81, 86); font-family: arial, sans-serif;\">Is there any way to&nbsp;</span><span style=\"font-weight: bold; color: rgb(95, 99, 104); font-family: arial, sans-serif;\">reset</span><span style=\"color: rgb(77, 81, 86); font-family: arial, sans-serif;\">&nbsp;the pointer to the start of the query?</span><span style=\"color: rgb(77, 81, 86); font-family: arial, sans-serif;\">Is there any way to&nbsp;</span><span style=\"font-weight: bold; color: rgb(95, 99, 104); font-family: arial, sans-serif;\">reset</span><span style=\"color: rgb(77, 81, 86); font-family: arial, sans-serif;\">&nbsp;the pointer to the start of the query?</span><span style=\"color: rgb(77, 81, 86); font-family: arial, sans-serif;\">Is there any way to&nbsp;</span><span style=\"font-weight: bold; color: rgb(95, 99, 104); font-family: arial, sans-serif;\">reset</span><span style=\"color: rgb(77, 81, 86); font-family: arial, sans-serif;\">&nbsp;the pointer to the start of the query?</span><span style=\"color: rgb(77, 81, 86); font-family: arial, sans-serif;\">Is there any way to&nbsp;</span><span style=\"font-weight: bold; color: rgb(95, 99, 104); font-family: arial, sans-serif;\">reset</span><span style=\"color: rgb(77, 81, 86); font-family: arial, sans-serif;\">&nbsp;the pointer to the start of the query?</span><span style=\"color: rgb(77, 81, 86); font-family: arial, sans-serif;\">Is there any way to&nbsp;</span><span style=\"font-weight: bold; color: rgb(95, 99, 104); font-family: arial, sans-serif;\">reset</span><span style=\"color: rgb(77, 81, 86); font-family: arial, sans-serif;\">&nbsp;the pointer to the start of the query?</span><span style=\"color: rgb(77, 81, 86); font-family: arial, sans-serif;\">Is there any way to&nbsp;</span><span style=\"font-weight: bold; color: rgb(95, 99, 104); font-family: arial, sans-serif;\">reset</span><span style=\"color: rgb(77, 81, 86); font-family: arial, sans-serif;\">&nbsp;the pointer to the start of the query?</span><span style=\"color: rgb(77, 81, 86); font-family: arial, sans-serif;\">Is there any way to&nbsp;</span><span style=\"font-weight: bold; color: rgb(95, 99, 104); font-family: arial, sans-serif;\">reset</span><span style=\"color: rgb(77, 81, 86); font-family: arial, sans-serif;\">&nbsp;the pointer to the start of the query?</span><span style=\"color: rgb(77, 81, 86); font-family: arial, sans-serif;\">Is there any way to&nbsp;</span><span style=\"font-weight: bold; color: rgb(95, 99, 104); font-family: arial, sans-serif;\">reset</span><span style=\"color: rgb(77, 81, 86); font-family: arial, sans-serif;\">&nbsp;the pointer to the start of the query?</span><span style=\"color: rgb(77, 81, 86); font-family: arial, sans-serif;\">Is there any way to&nbsp;</span><span style=\"font-weight: bold; color: rgb(95, 99, 104); font-family: arial, sans-serif;\">reset</span><span style=\"color: rgb(77, 81, 86); font-family: arial, sans-serif;\">&nbsp;the pointer to the start of the query?</span><span style=\"color: rgb(77, 81, 86); font-family: arial, sans-serif;\">Is there any way to&nbsp;</span><span style=\"font-weight: bold; color: rgb(95, 99, 104); font-family: arial, sans-serif;\">reset</span><span style=\"color: rgb(77, 81, 86); font-family: arial, sans-serif;\">&nbsp;the pointer to the start of the query?</span><span style=\"color: rgb(77, 81, 86); font-family: arial, sans-serif;\">Is there any way to&nbsp;</span><span style=\"font-weight: bold; color: rgb(95, 99, 104); font-family: arial, sans-serif;\">reset</span><span style=\"color: rgb(77, 81, 86); font-family: arial, sans-serif;\">&nbsp;the pointer to the start of the query?</span><span style=\"color: rgb(77, 81, 86); font-family: arial, sans-serif;\">Is there any way to&nbsp;</span><span style=\"font-weight: bold; color: rgb(95, 99, 104); font-family: arial, sans-serif;\">reset</span><span style=\"color: rgb(77, 81, 86); font-family: arial, sans-serif;\">&nbsp;the pointer to the start of the query?</span><span style=\"color: rgb(77, 81, 86); font-family: arial, sans-serif;\">Is there any way to&nbsp;</span><span style=\"font-weight: bold; color: rgb(95, 99, 104); font-family: arial, sans-serif;\">reset</span><span style=\"color: rgb(77, 81, 86); font-family: arial, sans-serif;\">&nbsp;the pointer to the start of the query?</span><span style=\"color: rgb(77, 81, 86); font-family: arial, sans-serif;\">Is there any way to&nbsp;</span><span style=\"font-weight: bold; color: rgb(95, 99, 104); font-family: arial, sans-serif;\">reset</span><span style=\"color: rgb(77, 81, 86); font-family: arial, sans-serif;\">&nbsp;the pointer to the start of the query?</span><span style=\"color: rgb(77, 81, 86); font-family: arial, sans-serif;\">Is there any way to&nbsp;</span><span style=\"font-weight: bold; color: rgb(95, 99, 104); font-family: arial, sans-serif;\">reset</span><span style=\"color: rgb(77, 81, 86); font-family: arial, sans-serif;\">&nbsp;the pointer to the start of the query?</span><span style=\"color: rgb(77, 81, 86); font-family: arial, sans-serif;\">Is there any way to&nbsp;</span><span style=\"font-weight: bold; color: rgb(95, 99, 104); font-family: arial, sans-serif;\">reset</span><span style=\"color: rgb(77, 81, 86); font-family: arial, sans-serif;\">&nbsp;the pointer to the start of the query?</span><span style=\"color: rgb(77, 81, 86); font-family: arial, sans-serif;\">Is there any way to&nbsp;</span><span style=\"font-weight: bold; color: rgb(95, 99, 104); font-family: arial, sans-serif;\">reset</span><span style=\"color: rgb(77, 81, 86); font-family: arial, sans-serif;\">&nbsp;the pointer to the start of the query?</span><span style=\"color: rgb(77, 81, 86); font-family: arial, sans-serif;\">Is there any way to&nbsp;</span><span style=\"font-weight: bold; color: rgb(95, 99, 104); font-family: arial, sans-serif;\">reset</span><span style=\"color: rgb(77, 81, 86); font-family: arial, sans-serif;\">&nbsp;the pointer to the start of the query?</span><span style=\"color: rgb(77, 81, 86); font-family: arial, sans-serif;\">Is there any way to&nbsp;</span><span style=\"font-weight: bold; color: rgb(95, 99, 104); font-family: arial, sans-serif;\">reset</span><span style=\"color: rgb(77, 81, 86); font-family: arial, sans-serif;\">&nbsp;the pointer to the start of the query?</span><span style=\"color: rgb(77, 81, 86); font-family: arial, sans-serif;\">Is there any way to&nbsp;</span><span style=\"font-weight: bold; color: rgb(95, 99, 104); font-family: arial, sans-serif;\">reset</span><span style=\"color: rgb(77, 81, 86); font-family: arial, sans-serif;\">&nbsp;the pointer to the start of the query?</span><span style=\"color: rgb(77, 81, 86); font-family: arial, sans-serif;\">Is there any way to&nbsp;</span><span style=\"font-weight: bold; color: rgb(95, 99, 104); font-family: arial, sans-serif;\">reset</span><span style=\"color: rgb(77, 81, 86); font-family: arial, sans-serif;\">&nbsp;the pointer to the start of the query?</span><span style=\"color: rgb(77, 81, 86); font-family: arial, sans-serif;\">Is there any way to&nbsp;</span><span style=\"font-weight: bold; color: rgb(95, 99, 104); font-family: arial, sans-serif;\">reset</span><span style=\"color: rgb(77, 81, 86); font-family: arial, sans-serif;\">&nbsp;the pointer to the start of the query?</span><span style=\"color: rgb(77, 81, 86); font-family: arial, sans-serif;\">Is there any way to&nbsp;</span><span style=\"font-weight: bold; color: rgb(95, 99, 104); font-family: arial, sans-serif;\">reset</span><span style=\"color: rgb(77, 81, 86); font-family: arial, sans-serif;\">&nbsp;the pointer to the start of the query?</span><span style=\"color: rgb(77, 81, 86); font-family: arial, sans-serif;\">Is there any way to&nbsp;</span><span style=\"font-weight: bold; color: rgb(95, 99, 104); font-family: arial, sans-serif;\">reset</span><span style=\"color: rgb(77, 81, 86); font-family: arial, sans-serif;\">&nbsp;the pointer to the start of the query?</span><span style=\"color: rgb(77, 81, 86); font-family: arial, sans-serif;\">Is there any way to&nbsp;</span><span style=\"font-weight: bold; color: rgb(95, 99, 104); font-family: arial, sans-serif;\">reset</span><span style=\"color: rgb(77, 81, 86); font-family: arial, sans-serif;\">&nbsp;the pointer to the start of the query?</span><span style=\"color: rgb(77, 81, 86); font-family: arial, sans-serif;\">Is there any way to&nbsp;</span><span style=\"font-weight: bold; color: rgb(95, 99, 104); font-family: arial, sans-serif;\">reset</span><span style=\"color: rgb(77, 81, 86); font-family: arial, sans-serif;\">&nbsp;the pointer to the start of the query?</span><span style=\"color: rgb(77, 81, 86); font-family: arial, sans-serif;\">Is there any way to&nbsp;</span><span style=\"font-weight: bold; color: rgb(95, 99, 104); font-family: arial, sans-serif;\">reset</span><span style=\"color: rgb(77, 81, 86); font-family: arial, sans-serif;\">&nbsp;the pointer to the start of the query?</span><span style=\"color: rgb(77, 81, 86); font-family: arial, sans-serif;\">Is there any way to&nbsp;</span><span style=\"font-weight: bold; color: rgb(95, 99, 104); font-family: arial, sans-serif;\">reset</span><span style=\"color: rgb(77, 81, 86); font-family: arial, sans-serif;\">&nbsp;the pointer to the start of the query?</span><span style=\"color: rgb(77, 81, 86); font-family: arial, sans-serif;\">Is there any way to&nbsp;</span><span style=\"font-weight: bold; color: rgb(95, 99, 104); font-family: arial, sans-serif;\">reset</span><span style=\"color: rgb(77, 81, 86); font-family: arial, sans-serif;\">&nbsp;the pointer to the start of the query?</span><span style=\"color: rgb(77, 81, 86); font-family: arial, sans-serif;\">Is there any way to&nbsp;</span><span style=\"font-weight: bold; color: rgb(95, 99, 104); font-family: arial, sans-serif;\">reset</span><span style=\"color: rgb(77, 81, 86); font-family: arial, sans-serif;\">&nbsp;the pointer to the start of the query?</span><span style=\"color: rgb(77, 81, 86); font-family: arial, sans-serif;\">Is there any way to&nbsp;</span><span style=\"font-weight: bold; color: rgb(95, 99, 104); font-family: arial, sans-serif;\">reset</span><span style=\"color: rgb(77, 81, 86); font-family: arial, sans-serif;\">&nbsp;the pointer to the start of the query?</span><span style=\"color: rgb(77, 81, 86); font-family: arial, sans-serif;\">Is there any way to&nbsp;</span><span style=\"font-weight: bold; color: rgb(95, 99, 104); font-family: arial, sans-serif;\">reset</span><span style=\"color: rgb(77, 81, 86); font-family: arial, sans-serif;\">&nbsp;the pointer to the start of the query?</span><span style=\"color: rgb(77, 81, 86); font-family: arial, sans-serif;\">Is there any way to&nbsp;</span><span style=\"font-weight: bold; color: rgb(95, 99, 104); font-family: arial, sans-serif;\">reset</span><span style=\"color: rgb(77, 81, 86); font-family: arial, sans-serif;\">&nbsp;the pointer to the start of the query?</span><span style=\"color: rgb(77, 81, 86); font-family: arial, sans-serif;\">Is there any way to&nbsp;</span><span style=\"font-weight: bold; color: rgb(95, 99, 104); font-family: arial, sans-serif;\">reset</span><span style=\"color: rgb(77, 81, 86); font-family: arial, sans-serif;\">&nbsp;the pointer to the start of the query?</span><span style=\"color: rgb(77, 81, 86); font-family: arial, sans-serif;\">Is there any way to&nbsp;</span><span style=\"font-weight: bold; color: rgb(95, 99, 104); font-family: arial, sans-serif;\">reset</span><span style=\"color: rgb(77, 81, 86); font-family: arial, sans-serif;\">&nbsp;the pointer to the start of the query?</span><span style=\"color: rgb(77, 81, 86); font-family: arial, sans-serif;\">Is there any way to&nbsp;</span><span style=\"font-weight: bold; color: rgb(95, 99, 104); font-family: arial, sans-serif;\">reset</span><span style=\"color: rgb(77, 81, 86); font-family: arial, sans-serif;\">&nbsp;the pointer to the start of the query?</span><span style=\"color: rgb(77, 81, 86); font-family: arial, sans-serif;\">Is there any way to&nbsp;</span><span style=\"font-weight: bold; color: rgb(95, 99, 104); font-family: arial, sans-serif;\">reset</span><span style=\"color: rgb(77, 81, 86); font-family: arial, sans-serif;\">&nbsp;the pointer to the start of the query?</span><span style=\"color: rgb(77, 81, 86); font-family: arial, sans-serif;\">Is there any way to&nbsp;</span><span style=\"font-weight: bold; color: rgb(95, 99, 104); font-family: arial, sans-serif;\">reset</span><span style=\"color: rgb(77, 81, 86); font-family: arial, sans-serif;\">&nbsp;the pointer to the start of the query?</span><span style=\"color: rgb(77, 81, 86); font-family: arial, sans-serif;\">Is there any way to&nbsp;</span><span style=\"font-weight: bold; color: rgb(95, 99, 104); font-family: arial, sans-serif;\">reset</span><span style=\"color: rgb(77, 81, 86); font-family: arial, sans-serif;\">&nbsp;the pointer to the start of the query?</span><span style=\"color: rgb(77, 81, 86); font-family: arial, sans-serif;\">Is there any way to&nbsp;</span><span style=\"font-weight: bold; color: rgb(95, 99, 104); font-family: arial, sans-serif;\">reset</span><span style=\"color: rgb(77, 81, 86); font-family: arial, sans-serif;\">&nbsp;the pointer to the start of the query?</span><span style=\"color: rgb(77, 81, 86); font-family: arial, sans-serif;\">Is there any way to&nbsp;</span><span style=\"font-weight: bold; color: rgb(95, 99, 104); font-family: arial, sans-serif;\">reset</span><span style=\"color: rgb(77, 81, 86); font-family: arial, sans-serif;\">&nbsp;the pointer to the start of the query?</span><span style=\"color: rgb(77, 81, 86); font-family: arial, sans-serif;\">Is there any way to&nbsp;</span><span style=\"font-weight: bold; color: rgb(95, 99, 104); font-family: arial, sans-serif;\">reset</span><span style=\"color: rgb(77, 81, 86); font-family: arial, sans-serif;\">&nbsp;the pointer to the start of the query?</span><span style=\"color: rgb(77, 81, 86); font-family: arial, sans-serif;\">Is there any way to&nbsp;</span><span style=\"font-weight: bold; color: rgb(95, 99, 104); font-family: arial, sans-serif;\">reset</span><span style=\"color: rgb(77, 81, 86); font-family: arial, sans-serif;\">&nbsp;the pointer to the start of the query?</span><span style=\"color: rgb(77, 81, 86); font-family: arial, sans-serif;\">Is there any way to&nbsp;</span><span style=\"font-weight: bold; color: rgb(95, 99, 104); font-family: arial, sans-serif;\">reset</span><span style=\"color: rgb(77, 81, 86); font-family: arial, sans-serif;\">&nbsp;the pointer to the start of the query?</span><span style=\"color: rgb(77, 81, 86); font-family: arial, sans-serif;\">Is there any way to&nbsp;</span><span style=\"font-weight: bold; color: rgb(95, 99, 104); font-family: arial, sans-serif;\">reset</span><span style=\"color: rgb(77, 81, 86); font-family: arial, sans-serif;\">&nbsp;the pointer to the start of the query?</span><span style=\"color: rgb(77, 81, 86); font-family: arial, sans-serif;\">Is there any way to&nbsp;</span><span style=\"font-weight: bold; color: rgb(95, 99, 104); font-family: arial, sans-serif;\">reset</span><span style=\"color: rgb(77, 81, 86); font-family: arial, sans-serif;\">&nbsp;the pointer to the start of the query?</span><span style=\"color: rgb(77, 81, 86); font-family: arial, sans-serif;\">Is there any way to&nbsp;</span><span style=\"font-weight: bold; color: rgb(95, 99, 104); font-family: arial, sans-serif;\">reset</span><span style=\"color: rgb(77, 81, 86); font-family: arial, sans-serif;\">&nbsp;the pointer to the start of the query?</span><span style=\"color: rgb(77, 81, 86); font-family: arial, sans-serif;\">Is there any way to&nbsp;</span><span style=\"font-weight: bold; color: rgb(95, 99, 104); font-family: arial, sans-serif;\">reset</span><span style=\"color: rgb(77, 81, 86); font-family: arial, sans-serif;\">&nbsp;the pointer to the start of the query?</span><span style=\"color: rgb(77, 81, 86); font-family: arial, sans-serif;\">Is there any way to&nbsp;</span><span style=\"font-weight: bold; color: rgb(95, 99, 104); font-family: arial, sans-serif;\">reset</span><span style=\"color: rgb(77, 81, 86); font-family: arial, sans-serif;\">&nbsp;the pointer to the start of the query?</span><span style=\"color: rgb(77, 81, 86); font-family: arial, sans-serif;\">Is there any way to&nbsp;</span><span style=\"font-weight: bold; color: rgb(95, 99, 104); font-family: arial, sans-serif;\">reset</span><span style=\"color: rgb(77, 81, 86); font-family: arial, sans-serif;\">&nbsp;the pointer to the start of the query?</span><span style=\"color: rgb(77, 81, 86); font-family: arial, sans-serif;\">Is there any way to&nbsp;</span><span style=\"font-weight: bold; color: rgb(95, 99, 104); font-family: arial, sans-serif;\">reset</span><span style=\"color: rgb(77, 81, 86); font-family: arial, sans-serif;\">&nbsp;the pointer to the start of the query?</span><span style=\"color: rgb(77, 81, 86); font-family: arial, sans-serif;\">Is there any way to&nbsp;</span><span style=\"font-weight: bold; color: rgb(95, 99, 104); font-family: arial, sans-serif;\">reset</span><span style=\"color: rgb(77, 81, 86); font-family: arial, sans-serif;\">&nbsp;the pointer to the start of the query?</span><span style=\"color: rgb(77, 81, 86); font-family: arial, sans-serif;\">Is there any way to&nbsp;</span><span style=\"font-weight: bold; color: rgb(95, 99, 104); font-family: arial, sans-serif;\">reset</span><span style=\"color: rgb(77, 81, 86); font-family: arial, sans-serif;\">&nbsp;the pointer to the start of the query?</span><br></p>', 'Is there any way to reset the pointer to the start of the query?', 'publish', 'open', 0, '2021-09-05 10:27:20', 2, 'Is there, any waym, to reset the pointer, to the start of the query,', '../feature/b73ce398c39f506af761d2277d853a92.jpg', 5, 1, 1);
INSERT INTO `posts` (`id`, `post_author`, `post_date`, `post_content`, `post_title`, `post_status`, `comment_status`, `post_comment_count`, `post_modified`, `post_categoryID`, `post_tags`, `post_feature_image`, `post_views`, `post_likes`, `post_dislikes`) VALUES
(9, '2fa9b4ef82af6ff6a450768e01fd9427', '2021-09-05 10:28:46', '<p><span style=\"color: rgb(77, 81, 86); font-family: arial, sans-serif;\">Is there any way to&nbsp;</span><span style=\"font-weight: bold; color: rgb(95, 99, 104); font-family: arial, sans-serif;\">reset</span><span style=\"color: rgb(77, 81, 86); font-family: arial, sans-serif;\">&nbsp;the pointer to the start of the query?</span><span style=\"color: rgb(77, 81, 86); font-family: arial, sans-serif;\">Is there any way to&nbsp;</span><span style=\"font-weight: bold; color: rgb(95, 99, 104); font-family: arial, sans-serif;\">reset</span><span style=\"color: rgb(77, 81, 86); font-family: arial, sans-serif;\">&nbsp;the pointer to the start of the query?</span><span style=\"color: rgb(77, 81, 86); font-family: arial, sans-serif;\">Is there any way to&nbsp;</span><span style=\"font-weight: bold; color: rgb(95, 99, 104); font-family: arial, sans-serif;\">reset</span><span style=\"color: rgb(77, 81, 86); font-family: arial, sans-serif;\">&nbsp;the pointer to the start of the query?</span><span style=\"color: rgb(77, 81, 86); font-family: arial, sans-serif;\">Is there any way to&nbsp;</span><span style=\"font-weight: bold; color: rgb(95, 99, 104); font-family: arial, sans-serif;\">reset</span><span style=\"color: rgb(77, 81, 86); font-family: arial, sans-serif;\">&nbsp;the pointer to the start of the query?</span><span style=\"color: rgb(77, 81, 86); font-family: arial, sans-serif;\">Is there any way to&nbsp;</span><span style=\"font-weight: bold; color: rgb(95, 99, 104); font-family: arial, sans-serif;\">reset</span><span style=\"color: rgb(77, 81, 86); font-family: arial, sans-serif;\">&nbsp;the pointer to the start of the query?</span><span style=\"color: rgb(77, 81, 86); font-family: arial, sans-serif;\">Is there any way to&nbsp;</span><span style=\"font-weight: bold; color: rgb(95, 99, 104); font-family: arial, sans-serif;\">reset</span><span style=\"color: rgb(77, 81, 86); font-family: arial, sans-serif;\">&nbsp;the pointer to the start of the query?</span><span style=\"color: rgb(77, 81, 86); font-family: arial, sans-serif;\">Is there any way to&nbsp;</span><span style=\"font-weight: bold; color: rgb(95, 99, 104); font-family: arial, sans-serif;\">reset</span><span style=\"color: rgb(77, 81, 86); font-family: arial, sans-serif;\">&nbsp;the pointer to the start of the query?</span><span style=\"color: rgb(77, 81, 86); font-family: arial, sans-serif;\">Is there any way to&nbsp;</span><span style=\"font-weight: bold; color: rgb(95, 99, 104); font-family: arial, sans-serif;\">reset</span><span style=\"color: rgb(77, 81, 86); font-family: arial, sans-serif;\">&nbsp;the pointer to the start of the query?</span><span style=\"color: rgb(77, 81, 86); font-family: arial, sans-serif;\">Is there any way to&nbsp;</span><span style=\"font-weight: bold; color: rgb(95, 99, 104); font-family: arial, sans-serif;\">reset</span><span style=\"color: rgb(77, 81, 86); font-family: arial, sans-serif;\">&nbsp;the pointer to the start of the query?</span><span style=\"color: rgb(77, 81, 86); font-family: arial, sans-serif;\">Is there any way to&nbsp;</span><span style=\"font-weight: bold; color: rgb(95, 99, 104); font-family: arial, sans-serif;\">reset</span><span style=\"color: rgb(77, 81, 86); font-family: arial, sans-serif;\">&nbsp;the pointer to the start of the query?</span><span style=\"color: rgb(77, 81, 86); font-family: arial, sans-serif;\">Is there any way to&nbsp;</span><span style=\"font-weight: bold; color: rgb(95, 99, 104); font-family: arial, sans-serif;\">reset</span><span style=\"color: rgb(77, 81, 86); font-family: arial, sans-serif;\">&nbsp;the pointer to the start of the query?</span><span style=\"color: rgb(77, 81, 86); font-family: arial, sans-serif;\">Is there any way to&nbsp;</span><span style=\"font-weight: bold; color: rgb(95, 99, 104); font-family: arial, sans-serif;\">reset</span><span style=\"color: rgb(77, 81, 86); font-family: arial, sans-serif;\">&nbsp;the pointer to the start of the query?</span><span style=\"color: rgb(77, 81, 86); font-family: arial, sans-serif;\">Is there any way to&nbsp;</span><span style=\"font-weight: bold; color: rgb(95, 99, 104); font-family: arial, sans-serif;\">reset</span><span style=\"color: rgb(77, 81, 86); font-family: arial, sans-serif;\">&nbsp;the pointer to the start of the query?</span><span style=\"color: rgb(77, 81, 86); font-family: arial, sans-serif;\">Is there any way to&nbsp;</span><span style=\"font-weight: bold; color: rgb(95, 99, 104); font-family: arial, sans-serif;\">reset</span><span style=\"color: rgb(77, 81, 86); font-family: arial, sans-serif;\">&nbsp;the pointer to the start of the query?</span><span style=\"color: rgb(77, 81, 86); font-family: arial, sans-serif;\">Is there any way to&nbsp;</span><span style=\"font-weight: bold; color: rgb(95, 99, 104); font-family: arial, sans-serif;\">reset</span><span style=\"color: rgb(77, 81, 86); font-family: arial, sans-serif;\">&nbsp;the pointer to the start of the query?</span><span style=\"color: rgb(77, 81, 86); font-family: arial, sans-serif;\">Is there any way to&nbsp;</span><span style=\"font-weight: bold; color: rgb(95, 99, 104); font-family: arial, sans-serif;\">reset</span><span style=\"color: rgb(77, 81, 86); font-family: arial, sans-serif;\">&nbsp;the pointer to the start of the query?</span><span style=\"color: rgb(77, 81, 86); font-family: arial, sans-serif;\">Is there any way to&nbsp;</span><span style=\"font-weight: bold; color: rgb(95, 99, 104); font-family: arial, sans-serif;\">reset</span><span style=\"color: rgb(77, 81, 86); font-family: arial, sans-serif;\">&nbsp;the pointer to the start of the query?</span><span style=\"color: rgb(77, 81, 86); font-family: arial, sans-serif;\">Is there any way to&nbsp;</span><span style=\"font-weight: bold; color: rgb(95, 99, 104); font-family: arial, sans-serif;\">reset</span><span style=\"color: rgb(77, 81, 86); font-family: arial, sans-serif;\">&nbsp;the pointer to the start of the query?</span><span style=\"color: rgb(77, 81, 86); font-family: arial, sans-serif;\">Is there any way to&nbsp;</span><span style=\"font-weight: bold; color: rgb(95, 99, 104); font-family: arial, sans-serif;\">reset</span><span style=\"color: rgb(77, 81, 86); font-family: arial, sans-serif;\">&nbsp;the pointer to the start of the query?</span><span style=\"color: rgb(77, 81, 86); font-family: arial, sans-serif;\">Is there any way to&nbsp;</span><span style=\"font-weight: bold; color: rgb(95, 99, 104); font-family: arial, sans-serif;\">reset</span><span style=\"color: rgb(77, 81, 86); font-family: arial, sans-serif;\">&nbsp;the pointer to the start of the query?</span><span style=\"color: rgb(77, 81, 86); font-family: arial, sans-serif;\">Is there any way to&nbsp;</span><span style=\"font-weight: bold; color: rgb(95, 99, 104); font-family: arial, sans-serif;\">reset</span><span style=\"color: rgb(77, 81, 86); font-family: arial, sans-serif;\">&nbsp;the pointer to the start of the query?</span><span style=\"color: rgb(77, 81, 86); font-family: arial, sans-serif;\">Is there any way to&nbsp;</span><span style=\"font-weight: bold; color: rgb(95, 99, 104); font-family: arial, sans-serif;\">reset</span><span style=\"color: rgb(77, 81, 86); font-family: arial, sans-serif;\">&nbsp;the pointer to the start of the query?</span><span style=\"color: rgb(77, 81, 86); font-family: arial, sans-serif;\">Is there any way to&nbsp;</span><span style=\"font-weight: bold; color: rgb(95, 99, 104); font-family: arial, sans-serif;\">reset</span><span style=\"color: rgb(77, 81, 86); font-family: arial, sans-serif;\">&nbsp;the pointer to the start of the query?</span><span style=\"color: rgb(77, 81, 86); font-family: arial, sans-serif;\">Is there any way to&nbsp;</span><span style=\"font-weight: bold; color: rgb(95, 99, 104); font-family: arial, sans-serif;\">reset</span><span style=\"color: rgb(77, 81, 86); font-family: arial, sans-serif;\">&nbsp;the pointer to the start of the query?</span><span style=\"color: rgb(77, 81, 86); font-family: arial, sans-serif;\">Is there any way to&nbsp;</span><span style=\"font-weight: bold; color: rgb(95, 99, 104); font-family: arial, sans-serif;\">reset</span><span style=\"color: rgb(77, 81, 86); font-family: arial, sans-serif;\">&nbsp;the pointer to the start of the query?</span><span style=\"color: rgb(77, 81, 86); font-family: arial, sans-serif;\">Is there any way to&nbsp;</span><span style=\"font-weight: bold; color: rgb(95, 99, 104); font-family: arial, sans-serif;\">reset</span><span style=\"color: rgb(77, 81, 86); font-family: arial, sans-serif;\">&nbsp;the pointer to the start of the query?</span><span style=\"color: rgb(77, 81, 86); font-family: arial, sans-serif;\">Is there any way to&nbsp;</span><span style=\"font-weight: bold; color: rgb(95, 99, 104); font-family: arial, sans-serif;\">reset</span><span style=\"color: rgb(77, 81, 86); font-family: arial, sans-serif;\">&nbsp;the pointer to the start of the query?</span><span style=\"color: rgb(77, 81, 86); font-family: arial, sans-serif;\">Is there any way to&nbsp;</span><span style=\"font-weight: bold; color: rgb(95, 99, 104); font-family: arial, sans-serif;\">reset</span><span style=\"color: rgb(77, 81, 86); font-family: arial, sans-serif;\">&nbsp;the pointer to the start of the query?</span><span style=\"color: rgb(77, 81, 86); font-family: arial, sans-serif;\">Is there any way to&nbsp;</span><span style=\"font-weight: bold; color: rgb(95, 99, 104); font-family: arial, sans-serif;\">reset</span><span style=\"color: rgb(77, 81, 86); font-family: arial, sans-serif;\">&nbsp;the pointer to the start of the query?</span><span style=\"color: rgb(77, 81, 86); font-family: arial, sans-serif;\">Is there any way to&nbsp;</span><span style=\"font-weight: bold; color: rgb(95, 99, 104); font-family: arial, sans-serif;\">reset</span><span style=\"color: rgb(77, 81, 86); font-family: arial, sans-serif;\">&nbsp;the pointer to the start of the query?</span><span style=\"color: rgb(77, 81, 86); font-family: arial, sans-serif;\">Is the</span></p><p><span style=\"color: rgb(77, 81, 86); font-family: arial, sans-serif;\"><br></span></p><p><img src=\"../posts/65b9eea6e1cc6bb9f0cd2a47751a186f.jpg\" alt=\"rocks\" title=\"rocks\"><span style=\"color: rgb(77, 81, 86); font-family: arial, sans-serif;\"><br></span></p><p><span style=\"color: rgb(77, 81, 86); font-family: arial, sans-serif;\"><br></span></p><p><span style=\"color: rgb(77, 81, 86); font-family: arial, sans-serif;\">re any way to&nbsp;</span><span style=\"font-weight: bold; color: rgb(95, 99, 104); font-family: arial, sans-serif;\">reset</span><span style=\"color: rgb(77, 81, 86); font-family: arial, sans-serif;\">&nbsp;the pointer to the start of the query?</span><span style=\"color: rgb(77, 81, 86); font-family: arial, sans-serif;\">Is there any way to&nbsp;</span><span style=\"font-weight: bold; color: rgb(95, 99, 104); font-family: arial, sans-serif;\">reset</span><span style=\"color: rgb(77, 81, 86); font-family: arial, sans-serif;\">&nbsp;the pointer to the start of the query?</span><span style=\"color: rgb(77, 81, 86); font-family: arial, sans-serif;\">Is there any way to&nbsp;</span><span style=\"font-weight: bold; color: rgb(95, 99, 104); font-family: arial, sans-serif;\">reset</span><span style=\"color: rgb(77, 81, 86); font-family: arial, sans-serif;\">&nbsp;the pointer to the start of the query?</span><span style=\"color: rgb(77, 81, 86); font-family: arial, sans-serif;\">Is there any way to&nbsp;</span><span style=\"font-weight: bold; color: rgb(95, 99, 104); font-family: arial, sans-serif;\">reset</span><span style=\"color: rgb(77, 81, 86); font-family: arial, sans-serif;\">&nbsp;the pointer to the start of the query?</span><span style=\"color: rgb(77, 81, 86); font-family: arial, sans-serif;\">Is there any way to&nbsp;</span><span style=\"font-weight: bold; color: rgb(95, 99, 104); font-family: arial, sans-serif;\">reset</span><span style=\"color: rgb(77, 81, 86); font-family: arial, sans-serif;\">&nbsp;the pointer to the start of the query?</span><span style=\"color: rgb(77, 81, 86); font-family: arial, sans-serif;\">Is there any way to&nbsp;</span><span style=\"font-weight: bold; color: rgb(95, 99, 104); font-family: arial, sans-serif;\">reset</span><span style=\"color: rgb(77, 81, 86); font-family: arial, sans-serif;\">&nbsp;the pointer to the start of the query?</span><span style=\"color: rgb(77, 81, 86); font-family: arial, sans-serif;\">Is there any way to&nbsp;</span><span style=\"font-weight: bold; color: rgb(95, 99, 104); font-family: arial, sans-serif;\">reset</span><span style=\"color: rgb(77, 81, 86); font-family: arial, sans-serif;\">&nbsp;the pointer to the start of the query?</span><span style=\"color: rgb(77, 81, 86); font-family: arial, sans-serif;\">Is there any way to&nbsp;</span><span style=\"font-weight: bold; color: rgb(95, 99, 104); font-family: arial, sans-serif;\">reset</span><span style=\"color: rgb(77, 81, 86); font-family: arial, sans-serif;\">&nbsp;the pointer to the start of the query?</span><span style=\"color: rgb(77, 81, 86); font-family: arial, sans-serif;\">Is there any way to&nbsp;</span><span style=\"font-weight: bold; color: rgb(95, 99, 104); font-family: arial, sans-serif;\">reset</span><span style=\"color: rgb(77, 81, 86); font-family: arial, sans-serif;\">&nbsp;the pointer to the start of the query?</span><span style=\"color: rgb(77, 81, 86); font-family: arial, sans-serif;\">Is there any way to&nbsp;</span><span style=\"font-weight: bold; color: rgb(95, 99, 104); font-family: arial, sans-serif;\">reset</span><span style=\"color: rgb(77, 81, 86); font-family: arial, sans-serif;\">&nbsp;the pointer to the start of the query?</span><span style=\"color: rgb(77, 81, 86); font-family: arial, sans-serif;\">Is there any way to&nbsp;</span><span style=\"font-weight: bold; color: rgb(95, 99, 104); font-family: arial, sans-serif;\">reset</span><span style=\"color: rgb(77, 81, 86); font-family: arial, sans-serif;\">&nbsp;the pointer to the start of the query?</span><span style=\"color: rgb(77, 81, 86); font-family: arial, sans-serif;\">Is there any way to&nbsp;</span><span style=\"font-weight: bold; color: rgb(95, 99, 104); font-family: arial, sans-serif;\">reset</span><span style=\"color: rgb(77, 81, 86); font-family: arial, sans-serif;\">&nbsp;the pointer to the start of the query?</span><span style=\"color: rgb(77, 81, 86); font-family: arial, sans-serif;\">Is there any way to&nbsp;</span><span style=\"font-weight: bold; color: rgb(95, 99, 104); font-family: arial, sans-serif;\">reset</span><span style=\"color: rgb(77, 81, 86); font-family: arial, sans-serif;\">&nbsp;the pointer to the start of the query?</span><span style=\"color: rgb(77, 81, 86); font-family: arial, sans-serif;\">Is there any way to&nbsp;</span><span style=\"font-weight: bold; color: rgb(95, 99, 104); font-family: arial, sans-serif;\">reset</span><span style=\"color: rgb(77, 81, 86); font-family: arial, sans-serif;\">&nbsp;the pointer to the start of the query?</span><span style=\"color: rgb(77, 81, 86); font-family: arial, sans-serif;\">Is there any way to&nbsp;</span><span style=\"font-weight: bold; color: rgb(95, 99, 104); font-family: arial, sans-serif;\">reset</span><span style=\"color: rgb(77, 81, 86); font-family: arial, sans-serif;\">&nbsp;the pointer to the start of the query?</span><span style=\"color: rgb(77, 81, 86); font-family: arial, sans-serif;\">Is there any way to&nbsp;</span><span style=\"font-weight: bold; color: rgb(95, 99, 104); font-family: arial, sans-serif;\">reset</span><span style=\"color: rgb(77, 81, 86); font-family: arial, sans-serif;\">&nbsp;the pointer to the start of the query?</span><span style=\"color: rgb(77, 81, 86); font-family: arial, sans-serif;\">Is there any way to&nbsp;</span><span style=\"font-weight: bold; color: rgb(95, 99, 104); font-family: arial, sans-serif;\">reset</span><span style=\"color: rgb(77, 81, 86); font-family: arial, sans-serif;\">&nbsp;the pointer to the start of the query?</span><span style=\"color: rgb(77, 81, 86); font-family: arial, sans-serif;\">Is there any way to&nbsp;</span><span style=\"font-weight: bold; color: rgb(95, 99, 104); font-family: arial, sans-serif;\">reset</span><span style=\"color: rgb(77, 81, 86); font-family: arial, sans-serif;\">&nbsp;the pointer to the start of the query?</span><span style=\"color: rgb(77, 81, 86); font-family: arial, sans-serif;\">Is there any way to&nbsp;</span><span style=\"font-weight: bold; color: rgb(95, 99, 104); font-family: arial, sans-serif;\">reset</span><span style=\"color: rgb(77, 81, 86); font-family: arial, sans-serif;\">&nbsp;the pointer to the start of the query?</span><span style=\"color: rgb(77, 81, 86); font-family: arial, sans-serif;\">Is there any way to&nbsp;</span><span style=\"font-weight: bold; color: rgb(95, 99, 104); font-family: arial, sans-serif;\">reset</span><span style=\"color: rgb(77, 81, 86); font-family: arial, sans-serif;\">&nbsp;the pointer to the start of the query?</span><span style=\"color: rgb(77, 81, 86); font-family: arial, sans-serif;\">Is there any way to&nbsp;</span><span style=\"font-weight: bold; color: rgb(95, 99, 104); font-family: arial, sans-serif;\">reset</span><span style=\"color: rgb(77, 81, 86); font-family: arial, sans-serif;\">&nbsp;the pointer to the start of the query?</span><span style=\"color: rgb(77, 81, 86); font-family: arial, sans-serif;\">Is there any way to&nbsp;</span><span style=\"font-weight: bold; color: rgb(95, 99, 104); font-family: arial, sans-serif;\">reset</span><span style=\"color: rgb(77, 81, 86); font-family: arial, sans-serif;\">&nbsp;the pointer to the start of the query?</span><span style=\"color: rgb(77, 81, 86); font-family: arial, sans-serif;\">Is there any way to&nbsp;</span><span style=\"font-weight: bold; color: rgb(95, 99, 104); font-family: arial, sans-serif;\">reset</span><span style=\"color: rgb(77, 81, 86); font-family: arial, sans-serif;\">&nbsp;the pointer to the start of the query?</span><span style=\"color: rgb(77, 81, 86); font-family: arial, sans-serif;\">Is there any way to&nbsp;</span><span style=\"font-weight: bold; color: rgb(95, 99, 104); font-family: arial, sans-serif;\">reset</span><span style=\"color: rgb(77, 81, 86); font-family: arial, sans-serif;\">&nbsp;the pointer to the start of the query?</span><span style=\"color: rgb(77, 81, 86); font-family: arial, sans-serif;\">Is there any way to&nbsp;</span><span style=\"font-weight: bold; color: rgb(95, 99, 104); font-family: arial, sans-serif;\">reset</span><span style=\"color: rgb(77, 81, 86); font-family: arial, sans-serif;\">&nbsp;the pointer to the start of the query?</span><span style=\"color: rgb(77, 81, 86); font-family: arial, sans-serif;\">Is there any way to&nbsp;</span><span style=\"font-weight: bold; color: rgb(95, 99, 104); font-family: arial, sans-serif;\">reset</span><span style=\"color: rgb(77, 81, 86); font-family: arial, sans-serif;\">&nbsp;the pointer to the start of the query?</span><span style=\"color: rgb(77, 81, 86); font-family: arial, sans-serif;\">Is there any way to&nbsp;</span><span style=\"font-weight: bold; color: rgb(95, 99, 104); font-family: arial, sans-serif;\">reset</span><span style=\"color: rgb(77, 81, 86); font-family: arial, sans-serif;\">&nbsp;the pointer to the start of the query?</span><span style=\"color: rgb(77, 81, 86); font-family: arial, sans-serif;\">Is there any way to&nbsp;</span><span style=\"font-weight: bold; color: rgb(95, 99, 104); font-family: arial, sans-serif;\">reset</span><span style=\"color: rgb(77, 81, 86); font-family: arial, sans-serif;\">&nbsp;the pointer to the start of the query?</span><span style=\"color: rgb(77, 81, 86); font-family: arial, sans-serif;\">Is there any way to&nbsp;</span><span style=\"font-weight: bold; color: rgb(95, 99, 104); font-family: arial, sans-serif;\">reset</span><span style=\"color: rgb(77, 81, 86); font-family: arial, sans-serif;\">&nbsp;the pointer to the start of the query?</span><span style=\"color: rgb(77, 81, 86); font-family: arial, sans-serif;\">Is there any way to&nbsp;</span><span style=\"font-weight: bold; color: rgb(95, 99, 104); font-family: arial, sans-serif;\">reset</span><span style=\"color: rgb(77, 81, 86); font-family: arial, sans-serif;\">&nbsp;the pointer to the start of the query?</span><span style=\"color: rgb(77, 81, 86); font-family: arial, sans-serif;\">Is there any way to&nbsp;</span><span style=\"font-weight: bold; color: rgb(95, 99, 104); font-family: arial, sans-serif;\">reset</span><span style=\"color: rgb(77, 81, 86); font-family: arial, sans-serif;\">&nbsp;the pointer to the start of the query?</span><span style=\"color: rgb(77, 81, 86); font-family: arial, sans-serif;\">Is there any way to&nbsp;</span><span style=\"font-weight: bold; color: rgb(95, 99, 104); font-family: arial, sans-serif;\">reset</span><span style=\"color: rgb(77, 81, 86); font-family: arial, sans-serif;\">&nbsp;the pointer to the start of the query?</span><span style=\"color: rgb(77, 81, 86); font-family: arial, sans-serif;\">Is there any way to&nbsp;</span><span style=\"font-weight: bold; color: rgb(95, 99, 104); font-family: arial, sans-serif;\">reset</span><span style=\"color: rgb(77, 81, 86); font-family: arial, sans-serif;\">&nbsp;the pointer to the start of the query?</span><span style=\"color: rgb(77, 81, 86); font-family: arial, sans-serif;\">Is there any way to&nbsp;</span><span style=\"font-weight: bold; color: rgb(95, 99, 104); font-family: arial, sans-serif;\">reset</span><span style=\"color: rgb(77, 81, 86); font-family: arial, sans-serif;\">&nbsp;the pointer to the start of the query?</span><span style=\"color: rgb(77, 81, 86); font-family: arial, sans-serif;\">Is there any way to&nbsp;</span><span style=\"font-weight: bold; color: rgb(95, 99, 104); font-family: arial, sans-serif;\">reset</span><span style=\"color: rgb(77, 81, 86); font-family: arial, sans-serif;\">&nbsp;the pointer to the start of the query?</span><span style=\"color: rgb(77, 81, 86); font-family: arial, sans-serif;\">Is there any way to&nbsp;</span><span style=\"font-weight: bold; color: rgb(95, 99, 104); font-family: arial, sans-serif;\">reset</span><span style=\"color: rgb(77, 81, 86); font-family: arial, sans-serif;\">&nbsp;the pointer to the start of the query?</span><span style=\"color: rgb(77, 81, 86); font-family: arial, sans-serif;\">Is there any way to&nbsp;</span><span style=\"font-weight: bold; color: rgb(95, 99, 104); font-family: arial, sans-serif;\">reset</span><span style=\"color: rgb(77, 81, 86); font-family: arial, sans-serif;\">&nbsp;the pointer to the start of the query?</span><span style=\"color: rgb(77, 81, 86); font-family: arial, sans-serif;\">Is there any way to&nbsp;</span><span style=\"font-weight: bold; color: rgb(95, 99, 104); font-family: arial, sans-serif;\">reset</span><span style=\"color: rgb(77, 81, 86); font-family: arial, sans-serif;\">&nbsp;the pointer to the start of the query?</span></p>', 'kljsd sdkljdf opti sdksld xzskdh wewe,n cxsdkjlksd slkrjt dfmnlskdnsl', 'publish', 'close', 0, '2021-09-05 10:28:46', 1, 'd,f,g,hg,g,d', '../feature/6cdd60ea0045eb7a6ec44c54d29ed402.jpg', 5, 3, 2);
INSERT INTO `posts` (`id`, `post_author`, `post_date`, `post_content`, `post_title`, `post_status`, `comment_status`, `post_comment_count`, `post_modified`, `post_categoryID`, `post_tags`, `post_feature_image`, `post_views`, `post_likes`, `post_dislikes`) VALUES
(10, '2fa9b4ef82af6ff6a450768e01fd9427', '2021-09-05 10:30:02', '<div jsname=\"jIA8B\" class=\"iDjcJe IX9Lgd wwB5gf\" id=\"exacc_EXM0YY2VMYy0Ut7MrYgK40\" style=\"-webkit-box-orient: vertical; color: rgb(32, 33, 36); display: -webkit-box; flex: 1 1 0%; -webkit-line-clamp: unset; margin: 12px 0px; overflow: hidden; font-size: medium; font-family: arial, sans-serif; transform: translate3d(0px, 0px, 0px);\"><b>What is string function in MySQL?</b></div><div><div jsname=\"jIA8B\" class=\"iDjcJe IX9Lgd wwB5gf\" id=\"exacc_EXM0YY2VMYy0Ut7MrYgK40\" style=\"-webkit-box-orient: vertical; color: rgb(32, 33, 36); display: -webkit-box; flex: 1 1 0%; -webkit-line-clamp: unset; margin: 12px 0px; overflow: hidden; font-size: medium; font-family: arial, sans-serif; transform: translate3d(0px, 0px, 0px);\">What is string function in MySQL?</div></div><div><div jsname=\"jIA8B\" class=\"iDjcJe IX9Lgd wwB5gf\" id=\"exacc_EXM0YY2VMYy0Ut7MrYgK40\" style=\"-webkit-box-orient: vertical; display: -webkit-box; flex: 1 1 0%; -webkit-line-clamp: unset; margin: 12px 0px; overflow: hidden; font-size: medium; font-family: arial, sans-serif; transform: translate3d(0px, 0px, 0px);\"><font color=\"#000000\" style=\"background-color: rgb(255, 255, 0);\">What is string function in MySQL?</font></div></div><div><div jsname=\"jIA8B\" class=\"iDjcJe IX9Lgd wwB5gf\" id=\"exacc_EXM0YY2VMYy0Ut7MrYgK40\" style=\"-webkit-box-orient: vertical; color: rgb(32, 33, 36); display: -webkit-box; flex: 1 1 0%; -webkit-line-clamp: unset; margin: 12px 0px; overflow: hidden; font-size: medium; font-family: arial, sans-serif; transform: translate3d(0px, 0px, 0px);\">What is string function in MySQL?</div></div><div><div jsname=\"jIA8B\" class=\"iDjcJe IX9Lgd wwB5gf\" id=\"exacc_EXM0YY2VMYy0Ut7MrYgK40\" style=\"-webkit-box-orient: vertical; color: rgb(32, 33, 36); display: -webkit-box; flex: 1 1 0%; -webkit-line-clamp: unset; margin: 12px 0px; overflow: hidden; font-size: medium; font-family: arial, sans-serif; transform: translate3d(0px, 0px, 0px);\">What is string function in MySQL?</div></div><div><div jsname=\"jIA8B\" class=\"iDjcJe IX9Lgd wwB5gf\" id=\"exacc_EXM0YY2VMYy0Ut7MrYgK40\" style=\"-webkit-box-orient: vertical; color: rgb(32, 33, 36); display: -webkit-box; flex: 1 1 0%; -webkit-line-clamp: unset; margin: 12px 0px; overflow: hidden; font-size: medium; font-family: arial, sans-serif; transform: translate3d(0px, 0px, 0px);\"><u>What is string function in MySQL?</u></div></div><div><div jsname=\"jIA8B\" class=\"iDjcJe IX9Lgd wwB5gf\" id=\"exacc_EXM0YY2VMYy0Ut7MrYgK40\" style=\"-webkit-box-orient: vertical; color: rgb(32, 33, 36); display: -webkit-box; flex: 1 1 0%; -webkit-line-clamp: unset; margin: 12px 0px; overflow: hidden; font-size: medium; font-family: arial, sans-serif; transform: translate3d(0px, 0px, 0px);\">What is string function in MySQL?</div></div><div><div jsname=\"jIA8B\" class=\"iDjcJe IX9Lgd wwB5gf\" id=\"exacc_EXM0YY2VMYy0Ut7MrYgK40\" style=\"-webkit-box-orient: vertical; color: rgb(32, 33, 36); display: -webkit-box; flex: 1 1 0%; -webkit-line-clamp: unset; margin: 12px 0px; overflow: hidden; font-size: medium; font-family: arial, sans-serif; transform: translate3d(0px, 0px, 0px);\">What is string function in MySQL?</div></div><div><div jsname=\"jIA8B\" class=\"iDjcJe IX9Lgd wwB5gf\" id=\"exacc_EXM0YY2VMYy0Ut7MrYgK40\" style=\"-webkit-box-orient: vertical; color: rgb(32, 33, 36); display: -webkit-box; flex: 1 1 0%; -webkit-line-clamp: unset; margin: 12px 0px; overflow: hidden; font-size: medium; font-family: arial, sans-serif; transform: translate3d(0px, 0px, 0px);\">What is string function in MySQL?</div></div><div><div jsname=\"jIA8B\" class=\"iDjcJe IX9Lgd wwB5gf\" id=\"exacc_EXM0YY2VMYy0Ut7MrYgK40\" style=\"-webkit-box-orient: vertical; color: rgb(32, 33, 36); display: -webkit-box; flex: 1 1 0%; -webkit-line-clamp: unset; margin: 12px 0px; overflow: hidden; font-size: medium; font-family: arial, sans-serif; transform: translate3d(0px, 0px, 0px);\">What is string function in MySQL?</div></div><div><div jsname=\"jIA8B\" class=\"iDjcJe IX9Lgd wwB5gf\" id=\"exacc_EXM0YY2VMYy0Ut7MrYgK40\" style=\"-webkit-box-orient: vertical; color: rgb(32, 33, 36); display: -webkit-box; flex: 1 1 0%; -webkit-line-clamp: unset; margin: 12px 0px; overflow: hidden; font-size: medium; font-family: arial, sans-serif; transform: translate3d(0px, 0px, 0px);\">What is string function in MySQL?</div></div><div><div jsname=\"jIA8B\" class=\"iDjcJe IX9Lgd wwB5gf\" id=\"exacc_EXM0YY2VMYy0Ut7MrYgK40\" style=\"-webkit-box-orient: vertical; color: rgb(32, 33, 36); display: -webkit-box; flex: 1 1 0%; -webkit-line-clamp: unset; margin: 12px 0px; overflow: hidden; font-size: medium; font-family: arial, sans-serif; transform: translate3d(0px, 0px, 0px);\">What is string function in MySQL?</div></div><div><div jsname=\"jIA8B\" class=\"iDjcJe IX9Lgd wwB5gf\" id=\"exacc_EXM0YY2VMYy0Ut7MrYgK40\" style=\"-webkit-box-orient: vertical; color: rgb(32, 33, 36); display: -webkit-box; flex: 1 1 0%; -webkit-line-clamp: unset; margin: 12px 0px; overflow: hidden; font-size: medium; font-family: arial, sans-serif; transform: translate3d(0px, 0px, 0px);\">What is string function in MySQL?</div></div><div><div jsname=\"jIA8B\" class=\"iDjcJe IX9Lgd wwB5gf\" id=\"exacc_EXM0YY2VMYy0Ut7MrYgK40\" style=\"-webkit-box-orient: vertical; color: rgb(32, 33, 36); display: -webkit-box; flex: 1 1 0%; -webkit-line-clamp: unset; margin: 12px 0px; overflow: hidden; font-size: medium; font-family: arial, sans-serif; transform: translate3d(0px, 0px, 0px);\">What is string function in MySQL?</div></div><div><div jsname=\"jIA8B\" class=\"iDjcJe IX9Lgd wwB5gf\" id=\"exacc_EXM0YY2VMYy0Ut7MrYgK40\" style=\"-webkit-box-orient: vertical; color: rgb(32, 33, 36); display: -webkit-box; flex: 1 1 0%; -webkit-line-clamp: unset; margin: 12px 0px; overflow: hidden; font-size: medium; font-family: arial, sans-serif; transform: translate3d(0px, 0px, 0px);\">What is string function in MySQL?</div></div><div><div jsname=\"jIA8B\" class=\"iDjcJe IX9Lgd wwB5gf\" id=\"exacc_EXM0YY2VMYy0Ut7MrYgK40\" style=\"-webkit-box-orient: vertical; color: rgb(32, 33, 36); display: -webkit-box; flex: 1 1 0%; -webkit-line-clamp: unset; margin: 12px 0px; overflow: hidden; font-size: medium; font-family: arial, sans-serif; transform: translate3d(0px, 0px, 0px);\">What is string function in MySQL?</div></div><div><div jsname=\"jIA8B\" class=\"iDjcJe IX9Lgd wwB5gf\" id=\"exacc_EXM0YY2VMYy0Ut7MrYgK40\" style=\"-webkit-box-orient: vertical; color: rgb(32, 33, 36); display: -webkit-box; flex: 1 1 0%; -webkit-line-clamp: unset; margin: 12px 0px; overflow: hidden; font-size: medium; font-family: arial, sans-serif; transform: translate3d(0px, 0px, 0px);\">What is string function in MySQL?</div></div><div><div jsname=\"jIA8B\" class=\"iDjcJe IX9Lgd wwB5gf\" id=\"exacc_EXM0YY2VMYy0Ut7MrYgK40\" style=\"-webkit-box-orient: vertical; color: rgb(32, 33, 36); display: -webkit-box; flex: 1 1 0%; -webkit-line-clamp: unset; margin: 12px 0px; overflow: hidden; font-size: medium; font-family: arial, sans-serif; transform: translate3d(0px, 0px, 0px);\">What is string function in MySQL?</div></div><div><div jsname=\"jIA8B\" class=\"iDjcJe IX9Lgd wwB5gf\" id=\"exacc_EXM0YY2VMYy0Ut7MrYgK40\" style=\"-webkit-box-orient: vertical; color: rgb(32, 33, 36); display: -webkit-box; flex: 1 1 0%; -webkit-line-clamp: unset; margin: 12px 0px; overflow: hidden; font-size: medium; font-family: arial, sans-serif; transform: translate3d(0px, 0px, 0px);\">What is string function in MySQL?</div></div><div><div jsname=\"jIA8B\" class=\"iDjcJe IX9Lgd wwB5gf\" id=\"exacc_EXM0YY2VMYy0Ut7MrYgK40\" style=\"-webkit-box-orient: vertical; color: rgb(32, 33, 36); display: -webkit-box; flex: 1 1 0%; -webkit-line-clamp: unset; margin: 12px 0px; overflow: hidden; font-size: medium; font-family: arial, sans-serif; transform: translate3d(0px, 0px, 0px);\">What is string function in MySQL?</div></div><div><div jsname=\"jIA8B\" class=\"iDjcJe IX9Lgd wwB5gf\" id=\"exacc_EXM0YY2VMYy0Ut7MrYgK40\" style=\"-webkit-box-orient: vertical; color: rgb(32, 33, 36); display: -webkit-box; flex: 1 1 0%; -webkit-line-clamp: unset; margin: 12px 0px; overflow: hidden; font-size: medium; font-family: arial, sans-serif; transform: translate3d(0px, 0px, 0px);\">What is string function in MySQL?</div></div><div><div jsname=\"jIA8B\" class=\"iDjcJe IX9Lgd wwB5gf\" id=\"exacc_EXM0YY2VMYy0Ut7MrYgK40\" style=\"-webkit-box-orient: vertical; color: rgb(32, 33, 36); display: -webkit-box; flex: 1 1 0%; -webkit-line-clamp: unset; margin: 12px 0px; overflow: hidden; font-size: medium; font-family: arial, sans-serif; transform: translate3d(0px, 0px, 0px);\">What is string function in MySQL?</div></div><div><div jsname=\"jIA8B\" class=\"iDjcJe IX9Lgd wwB5gf\" id=\"exacc_EXM0YY2VMYy0Ut7MrYgK40\" style=\"-webkit-box-orient: vertical; color: rgb(32, 33, 36); display: -webkit-box; flex: 1 1 0%; -webkit-line-clamp: unset; margin: 12px 0px; overflow: hidden; font-size: medium; font-family: arial, sans-serif; transform: translate3d(0px, 0px, 0px);\">What is string function in MySQL?</div></div><div><div jsname=\"jIA8B\" class=\"iDjcJe IX9Lgd wwB5gf\" id=\"exacc_EXM0YY2VMYy0Ut7MrYgK40\" style=\"-webkit-box-orient: vertical; color: rgb(32, 33, 36); display: -webkit-box; flex: 1 1 0%; -webkit-line-clamp: unset; margin: 12px 0px; overflow: hidden; font-size: medium; font-family: arial, sans-serif; transform: translate3d(0px, 0px, 0px);\">What is string function in MySQL?</div></div><div><div jsname=\"jIA8B\" class=\"iDjcJe IX9Lgd wwB5gf\" id=\"exacc_EXM0YY2VMYy0Ut7MrYgK40\" style=\"-webkit-box-orient: vertical; color: rgb(32, 33, 36); display: -webkit-box; flex: 1 1 0%; -webkit-line-clamp: unset; margin: 12px 0px; overflow: hidden; font-size: medium; font-family: arial, sans-serif; transform: translate3d(0px, 0px, 0px);\">What is string function in MySQL?</div></div><div><div jsname=\"jIA8B\" class=\"iDjcJe IX9Lgd wwB5gf\" id=\"exacc_EXM0YY2VMYy0Ut7MrYgK40\" style=\"-webkit-box-orient: vertical; color: rgb(32, 33, 36); display: -webkit-box; flex: 1 1 0%; -webkit-line-clamp: unset; margin: 12px 0px; overflow: hidden; font-size: medium; font-family: arial, sans-serif; transform: translate3d(0px, 0px, 0px);\">What is string function in MySQL?</div></div><div><div jsname=\"jIA8B\" class=\"iDjcJe IX9Lgd wwB5gf\" id=\"exacc_EXM0YY2VMYy0Ut7MrYgK40\" style=\"-webkit-box-orient: vertical; color: rgb(32, 33, 36); display: -webkit-box; flex: 1 1 0%; -webkit-line-clamp: unset; margin: 12px 0px; overflow: hidden; font-size: medium; font-family: arial, sans-serif; transform: translate3d(0px, 0px, 0px);\">What is string function in MySQL?</div></div><div><div jsname=\"jIA8B\" class=\"iDjcJe IX9Lgd wwB5gf\" id=\"exacc_EXM0YY2VMYy0Ut7MrYgK40\" style=\"-webkit-box-orient: vertical; color: rgb(32, 33, 36); display: -webkit-box; flex: 1 1 0%; -webkit-line-clamp: unset; margin: 12px 0px; overflow: hidden; font-size: medium; font-family: arial, sans-serif; transform: translate3d(0px, 0px, 0px);\">What is string function in MySQL?</div></div><div><div jsname=\"jIA8B\" class=\"iDjcJe IX9Lgd wwB5gf\" id=\"exacc_EXM0YY2VMYy0Ut7MrYgK40\" style=\"-webkit-box-orient: vertical; color: rgb(32, 33, 36); display: -webkit-box; flex: 1 1 0%; -webkit-line-clamp: unset; margin: 12px 0px; overflow: hidden; font-size: medium; font-family: arial, sans-serif; transform: translate3d(0px, 0px, 0px);\">What is string function in MySQL?</div></div><div><div jsname=\"jIA8B\" class=\"iDjcJe IX9Lgd wwB5gf\" id=\"exacc_EXM0YY2VMYy0Ut7MrYgK40\" style=\"-webkit-box-orient: vertical; color: rgb(32, 33, 36); display: -webkit-box; flex: 1 1 0%; -webkit-line-clamp: unset; margin: 12px 0px; overflow: hidden; font-size: medium; font-family: arial, sans-serif; transform: translate3d(0px, 0px, 0px);\">What is string function in MySQL?</div></div><div><div jsname=\"jIA8B\" class=\"iDjcJe IX9Lgd wwB5gf\" id=\"exacc_EXM0YY2VMYy0Ut7MrYgK40\" style=\"-webkit-box-orient: vertical; color: rgb(32, 33, 36); display: -webkit-box; flex: 1 1 0%; -webkit-line-clamp: unset; margin: 12px 0px; overflow: hidden; font-size: medium; font-family: arial, sans-serif; transform: translate3d(0px, 0px, 0px);\">What is string function in MySQL?</div></div><div><div jsname=\"jIA8B\" class=\"iDjcJe IX9Lgd wwB5gf\" id=\"exacc_EXM0YY2VMYy0Ut7MrYgK40\" style=\"-webkit-box-orient: vertical; color: rgb(32, 33, 36); display: -webkit-box; flex: 1 1 0%; -webkit-line-clamp: unset; margin: 12px 0px; overflow: hidden; font-size: medium; font-family: arial, sans-serif; transform: translate3d(0px, 0px, 0px);\">What is string function in MySQL?</div></div><div><div jsname=\"jIA8B\" class=\"iDjcJe IX9Lgd wwB5gf\" id=\"exacc_EXM0YY2VMYy0Ut7MrYgK40\" style=\"-webkit-box-orient: vertical; color: rgb(32, 33, 36); display: -webkit-box; flex: 1 1 0%; -webkit-line-clamp: unset; margin: 12px 0px; overflow: hidden; font-size: medium; font-family: arial, sans-serif; transform: translate3d(0px, 0px, 0px);\">What is string function in MySQL?</div></div><div><div jsname=\"jIA8B\" class=\"iDjcJe IX9Lgd wwB5gf\" id=\"exacc_EXM0YY2VMYy0Ut7MrYgK40\" style=\"-webkit-box-orient: vertical; color: rgb(32, 33, 36); display: -webkit-box; flex: 1 1 0%; -webkit-line-clamp: unset; margin: 12px 0px; overflow: hidden; font-size: medium; font-family: arial, sans-serif; transform: translate3d(0px, 0px, 0px);\">What is string function in MySQL?</div></div><div><div jsname=\"jIA8B\" class=\"iDjcJe IX9Lgd wwB5gf\" id=\"exacc_EXM0YY2VMYy0Ut7MrYgK40\" style=\"-webkit-box-orient: vertical; color: rgb(32, 33, 36); display: -webkit-box; flex: 1 1 0%; -webkit-line-clamp: unset; margin: 12px 0px; overflow: hidden; font-size: medium; font-family: arial, sans-serif; transform: translate3d(0px, 0px, 0px);\">What is string function in MySQL?</div></div><div><div jsname=\"jIA8B\" class=\"iDjcJe IX9Lgd wwB5gf\" id=\"exacc_EXM0YY2VMYy0Ut7MrYgK40\" style=\"-webkit-box-orient: vertical; color: rgb(32, 33, 36); display: -webkit-box; flex: 1 1 0%; -webkit-line-clamp: unset; margin: 12px 0px; overflow: hidden; font-size: medium; font-family: arial, sans-serif; transform: translate3d(0px, 0px, 0px);\">What is string function in MySQL?</div></div><div><div jsname=\"jIA8B\" class=\"iDjcJe IX9Lgd wwB5gf\" id=\"exacc_EXM0YY2VMYy0Ut7MrYgK40\" style=\"-webkit-box-orient: vertical; color: rgb(32, 33, 36); display: -webkit-box; flex: 1 1 0%; -webkit-line-clamp: unset; margin: 12px 0px; overflow: hidden; font-size: medium; font-family: arial, sans-serif; transform: translate3d(0px, 0px, 0px);\">What is string function in MySQL?</div></div><div><div jsname=\"jIA8B\" class=\"iDjcJe IX9Lgd wwB5gf\" id=\"exacc_EXM0YY2VMYy0Ut7MrYgK40\" style=\"-webkit-box-orient: vertical; color: rgb(32, 33, 36); display: -webkit-box; flex: 1 1 0%; -webkit-line-clamp: unset; margin: 12px 0px; overflow: hidden; font-size: medium; font-family: arial, sans-serif; transform: translate3d(0px, 0px, 0px);\">What is string function in MySQL?</div></div><div><div jsname=\"jIA8B\" class=\"iDjcJe IX9Lgd wwB5gf\" id=\"exacc_EXM0YY2VMYy0Ut7MrYgK40\" style=\"-webkit-box-orient: vertical; color: rgb(32, 33, 36); display: -webkit-box; flex: 1 1 0%; -webkit-line-clamp: unset; margin: 12px 0px; overflow: hidden; font-size: medium; font-family: arial, sans-serif; transform: translate3d(0px, 0px, 0px);\">What is string function in MySQL?</div></div><div><div jsname=\"jIA8B\" class=\"iDjcJe IX9Lgd wwB5gf\" id=\"exacc_EXM0YY2VMYy0Ut7MrYgK40\" style=\"-webkit-box-orient: vertical; color: rgb(32, 33, 36); display: -webkit-box; flex: 1 1 0%; -webkit-line-clamp: unset; margin: 12px 0px; overflow: hidden; font-size: medium; font-family: arial, sans-serif; transform: translate3d(0px, 0px, 0px);\">What is string function in MySQL?</div></div><div><div jsname=\"jIA8B\" class=\"iDjcJe IX9Lgd wwB5gf\" id=\"exacc_EXM0YY2VMYy0Ut7MrYgK40\" style=\"-webkit-box-orient: vertical; color: rgb(32, 33, 36); display: -webkit-box; flex: 1 1 0%; -webkit-line-clamp: unset; margin: 12px 0px; overflow: hidden; font-size: medium; font-family: arial, sans-serif; transform: translate3d(0px, 0px, 0px);\">What is string function in MySQL?</div></div><div><div jsname=\"jIA8B\" class=\"iDjcJe IX9Lgd wwB5gf\" id=\"exacc_EXM0YY2VMYy0Ut7MrYgK40\" style=\"-webkit-box-orient: vertical; color: rgb(32, 33, 36); display: -webkit-box; flex: 1 1 0%; -webkit-line-clamp: unset; margin: 12px 0px; overflow: hidden; font-size: medium; font-family: arial, sans-serif; transform: translate3d(0px, 0px, 0px);\">What is string function in MySQL?</div></div><div><div jsname=\"jIA8B\" class=\"iDjcJe IX9Lgd wwB5gf\" id=\"exacc_EXM0YY2VMYy0Ut7MrYgK40\" style=\"-webkit-box-orient: vertical; color: rgb(32, 33, 36); display: -webkit-box; flex: 1 1 0%; -webkit-line-clamp: unset; margin: 12px 0px; overflow: hidden; font-size: medium; font-family: arial, sans-serif; transform: translate3d(0px, 0px, 0px);\">What is string function in MySQL?</div></div><div><div jsname=\"jIA8B\" class=\"iDjcJe IX9Lgd wwB5gf\" id=\"exacc_EXM0YY2VMYy0Ut7MrYgK40\" style=\"-webkit-box-orient: vertical; color: rgb(32, 33, 36); display: -webkit-box; flex: 1 1 0%; -webkit-line-clamp: unset; margin: 12px 0px; overflow: hidden; font-size: medium; font-family: arial, sans-serif; transform: translate3d(0px, 0px, 0px);\">What is string function in MySQL?</div></div><div><div jsname=\"jIA8B\" class=\"iDjcJe IX9Lgd wwB5gf\" id=\"exacc_EXM0YY2VMYy0Ut7MrYgK40\" style=\"-webkit-box-orient: vertical; color: rgb(32, 33, 36); display: -webkit-box; flex: 1 1 0%; -webkit-line-clamp: unset; margin: 12px 0px; overflow: hidden; font-size: medium; font-family: arial, sans-serif; transform: translate3d(0px, 0px, 0px);\">What is string function in MySQL?</div></div><div><div jsname=\"jIA8B\" class=\"iDjcJe IX9Lgd wwB5gf\" id=\"exacc_EXM0YY2VMYy0Ut7MrYgK40\" style=\"-webkit-box-orient: vertical; color: rgb(32, 33, 36); display: -webkit-box; flex: 1 1 0%; -webkit-line-clamp: unset; margin: 12px 0px; overflow: hidden; font-size: medium; font-family: arial, sans-serif; transform: translate3d(0px, 0px, 0px);\">What is string function in MySQL?</div></div><div><div jsname=\"jIA8B\" class=\"iDjcJe IX9Lgd wwB5gf\" id=\"exacc_EXM0YY2VMYy0Ut7MrYgK40\" style=\"-webkit-box-orient: vertical; color: rgb(32, 33, 36); display: -webkit-box; flex: 1 1 0%; -webkit-line-clamp: unset; margin: 12px 0px; overflow: hidden; font-size: medium; font-family: arial, sans-serif; transform: translate3d(0px, 0px, 0px);\">What is string function in MySQL?</div></div><div><div jsname=\"jIA8B\" class=\"iDjcJe IX9Lgd wwB5gf\" id=\"exacc_EXM0YY2VMYy0Ut7MrYgK40\" style=\"-webkit-box-orient: vertical; color: rgb(32, 33, 36); display: -webkit-box; flex: 1 1 0%; -webkit-line-clamp: unset; margin: 12px 0px; overflow: hidden; font-size: medium; font-family: arial, sans-serif; transform: translate3d(0px, 0px, 0px);\">What is string function in MySQL?</div></div><div><div jsname=\"jIA8B\" class=\"iDjcJe IX9Lgd wwB5gf\" id=\"exacc_EXM0YY2VMYy0Ut7MrYgK40\" style=\"-webkit-box-orient: vertical; color: rgb(32, 33, 36); display: -webkit-box; flex: 1 1 0%; -webkit-line-clamp: unset; margin: 12px 0px; overflow: hidden; font-size: medium; font-family: arial, sans-serif; transform: translate3d(0px, 0px, 0px);\">What is string function in MySQL?</div></div><div><div jsname=\"jIA8B\" class=\"iDjcJe IX9Lgd wwB5gf\" id=\"exacc_EXM0YY2VMYy0Ut7MrYgK40\" style=\"-webkit-box-orient: vertical; color: rgb(32, 33, 36); display: -webkit-box; flex: 1 1 0%; -webkit-line-clamp: unset; margin: 12px 0px; overflow: hidden; font-size: medium; font-family: arial, sans-serif; transform: translate3d(0px, 0px, 0px);\">What is string function in MySQL?</div></div><div><div jsname=\"jIA8B\" class=\"iDjcJe IX9Lgd wwB5gf\" id=\"exacc_EXM0YY2VMYy0Ut7MrYgK40\" style=\"-webkit-box-orient: vertical; color: rgb(32, 33, 36); display: -webkit-box; flex: 1 1 0%; -webkit-line-clamp: unset; margin: 12px 0px; overflow: hidden; font-size: medium; font-family: arial, sans-serif; transform: translate3d(0px, 0px, 0px);\">What is string function in MySQL?</div></div><div><div jsname=\"jIA8B\" class=\"iDjcJe IX9Lgd wwB5gf\" id=\"exacc_EXM0YY2VMYy0Ut7MrYgK40\" style=\"-webkit-box-orient: vertical; color: rgb(32, 33, 36); display: -webkit-box; flex: 1 1 0%; -webkit-line-clamp: unset; margin: 12px 0px; overflow: hidden; font-size: medium; font-family: arial, sans-serif; transform: translate3d(0px, 0px, 0px);\">What is string function in MySQL?</div></div><div><div jsname=\"jIA8B\" class=\"iDjcJe IX9Lgd wwB5gf\" id=\"exacc_EXM0YY2VMYy0Ut7MrYgK40\" style=\"-webkit-box-orient: vertical; color: rgb(32, 33, 36); display: -webkit-box; flex: 1 1 0%; -webkit-line-clamp: unset; margin: 12px 0px; overflow: hidden; font-size: medium; font-family: arial, sans-serif; transform: translate3d(0px, 0px, 0px);\">What is string function in MySQL?</div></div><div><div jsname=\"jIA8B\" class=\"iDjcJe IX9Lgd wwB5gf\" id=\"exacc_EXM0YY2VMYy0Ut7MrYgK40\" style=\"-webkit-box-orient: vertical; color: rgb(32, 33, 36); display: -webkit-box; flex: 1 1 0%; -webkit-line-clamp: unset; margin: 12px 0px; overflow: hidden; font-size: medium; font-family: arial, sans-serif; transform: translate3d(0px, 0px, 0px);\">What is string function in MySQL?</div></div><div><div jsname=\"jIA8B\" class=\"iDjcJe IX9Lgd wwB5gf\" id=\"exacc_EXM0YY2VMYy0Ut7MrYgK40\" style=\"-webkit-box-orient: vertical; color: rgb(32, 33, 36); display: -webkit-box; flex: 1 1 0%; -webkit-line-clamp: unset; margin: 12px 0px; overflow: hidden; font-size: medium; font-family: arial, sans-serif; transform: translate3d(0px, 0px, 0px);\">What is string function in MySQL?</div></div><div><div jsname=\"jIA8B\" class=\"iDjcJe IX9Lgd wwB5gf\" id=\"exacc_EXM0YY2VMYy0Ut7MrYgK40\" style=\"-webkit-box-orient: vertical; color: rgb(32, 33, 36); display: -webkit-box; flex: 1 1 0%; -webkit-line-clamp: unset; margin: 12px 0px; overflow: hidden; font-size: medium; font-family: arial, sans-serif; transform: translate3d(0px, 0px, 0px);\">What is string function in MySQL?</div></div><div><div jsname=\"jIA8B\" class=\"iDjcJe IX9Lgd wwB5gf\" id=\"exacc_EXM0YY2VMYy0Ut7MrYgK40\" style=\"-webkit-box-orient: vertical; color: rgb(32, 33, 36); display: -webkit-box; flex: 1 1 0%; -webkit-line-clamp: unset; margin: 12px 0px; overflow: hidden; font-size: medium; font-family: arial, sans-serif; transform: translate3d(0px, 0px, 0px);\">What is string function in MySQL?</div></div><div><div jsname=\"jIA8B\" class=\"iDjcJe IX9Lgd wwB5gf\" id=\"exacc_EXM0YY2VMYy0Ut7MrYgK40\" style=\"-webkit-box-orient: vertical; color: rgb(32, 33, 36); display: -webkit-box; flex: 1 1 0%; -webkit-line-clamp: unset; margin: 12px 0px; overflow: hidden; font-size: medium; font-family: arial, sans-serif; transform: translate3d(0px, 0px, 0px);\">What is string function in MySQL?</div></div><div><div jsname=\"jIA8B\" class=\"iDjcJe IX9Lgd wwB5gf\" id=\"exacc_EXM0YY2VMYy0Ut7MrYgK40\" style=\"-webkit-box-orient: vertical; color: rgb(32, 33, 36); display: -webkit-box; flex: 1 1 0%; -webkit-line-clamp: unset; margin: 12px 0px; overflow: hidden; font-size: medium; font-family: arial, sans-serif; transform: translate3d(0px, 0px, 0px);\">What is string function in MySQL?</div></div><div><div jsname=\"jIA8B\" class=\"iDjcJe IX9Lgd wwB5gf\" id=\"exacc_EXM0YY2VMYy0Ut7MrYgK40\" style=\"-webkit-box-orient: vertical; color: rgb(32, 33, 36); display: -webkit-box; flex: 1 1 0%; -webkit-line-clamp: unset; margin: 12px 0px; overflow: hidden; font-size: medium; font-family: arial, sans-serif; transform: translate3d(0px, 0px, 0px);\">What is string function in MySQL?</div></div><div><div jsname=\"jIA8B\" class=\"iDjcJe IX9Lgd wwB5gf\" id=\"exacc_EXM0YY2VMYy0Ut7MrYgK40\" style=\"-webkit-box-orient: vertical; color: rgb(32, 33, 36); display: -webkit-box; flex: 1 1 0%; -webkit-line-clamp: unset; margin: 12px 0px; overflow: hidden; font-size: medium; font-family: arial, sans-serif; transform: translate3d(0px, 0px, 0px);\">What is string function in MySQL?</div></div><div><div jsname=\"jIA8B\" class=\"iDjcJe IX9Lgd wwB5gf\" id=\"exacc_EXM0YY2VMYy0Ut7MrYgK40\" style=\"-webkit-box-orient: vertical; color: rgb(32, 33, 36); display: -webkit-box; flex: 1 1 0%; -webkit-line-clamp: unset; margin: 12px 0px; overflow: hidden; font-size: medium; font-family: arial, sans-serif; transform: translate3d(0px, 0px, 0px);\">What is string function in MySQL?</div></div><div><div jsname=\"jIA8B\" class=\"iDjcJe IX9Lgd wwB5gf\" id=\"exacc_EXM0YY2VMYy0Ut7MrYgK40\" style=\"-webkit-box-orient: vertical; color: rgb(32, 33, 36); display: -webkit-box; flex: 1 1 0%; -webkit-line-clamp: unset; margin: 12px 0px; overflow: hidden; font-size: medium; font-family: arial, sans-serif; transform: translate3d(0px, 0px, 0px);\">What is string function in MySQL?</div></div><div><div jsname=\"jIA8B\" class=\"iDjcJe IX9Lgd wwB5gf\" id=\"exacc_EXM0YY2VMYy0Ut7MrYgK40\" style=\"-webkit-box-orient: vertical; color: rgb(32, 33, 36); display: -webkit-box; flex: 1 1 0%; -webkit-line-clamp: unset; margin: 12px 0px; overflow: hidden; font-size: medium; font-family: arial, sans-serif; transform: translate3d(0px, 0px, 0px);\">What is string function in MySQL?</div></div><div><div jsname=\"jIA8B\" class=\"iDjcJe IX9Lgd wwB5gf\" id=\"exacc_EXM0YY2VMYy0Ut7MrYgK40\" style=\"-webkit-box-orient: vertical; color: rgb(32, 33, 36); display: -webkit-box; flex: 1 1 0%; -webkit-line-clamp: unset; margin: 12px 0px; overflow: hidden; font-size: medium; font-family: arial, sans-serif; transform: translate3d(0px, 0px, 0px);\">What is string function in MySQL?</div></div><div><div jsname=\"jIA8B\" class=\"iDjcJe IX9Lgd wwB5gf\" id=\"exacc_EXM0YY2VMYy0Ut7MrYgK40\" style=\"-webkit-box-orient: vertical; color: rgb(32, 33, 36); display: -webkit-box; flex: 1 1 0%; -webkit-line-clamp: unset; margin: 12px 0px; overflow: hidden; font-size: medium; font-family: arial, sans-serif; transform: translate3d(0px, 0px, 0px);\">What is string function in MySQL?</div></div><div><div jsname=\"jIA8B\" class=\"iDjcJe IX9Lgd wwB5gf\" id=\"exacc_EXM0YY2VMYy0Ut7MrYgK40\" style=\"-webkit-box-orient: vertical; color: rgb(32, 33, 36); display: -webkit-box; flex: 1 1 0%; -webkit-line-clamp: unset; margin: 12px 0px; overflow: hidden; font-size: medium; font-family: arial, sans-serif; transform: translate3d(0px, 0px, 0px);\">What is string function in MySQL?</div></div><div><div jsname=\"jIA8B\" class=\"iDjcJe IX9Lgd wwB5gf\" id=\"exacc_EXM0YY2VMYy0Ut7MrYgK40\" style=\"-webkit-box-orient: vertical; color: rgb(32, 33, 36); display: -webkit-box; flex: 1 1 0%; -webkit-line-clamp: unset; margin: 12px 0px; overflow: hidden; font-size: medium; font-family: arial, sans-serif; transform: translate3d(0px, 0px, 0px);\">What is string function in MySQL?</div></div><div><div jsname=\"jIA8B\" class=\"iDjcJe IX9Lgd wwB5gf\" id=\"exacc_EXM0YY2VMYy0Ut7MrYgK40\" style=\"-webkit-box-orient: vertical; color: rgb(32, 33, 36); display: -webkit-box; flex: 1 1 0%; -webkit-line-clamp: unset; margin: 12px 0px; overflow: hidden; font-size: medium; font-family: arial, sans-serif; transform: translate3d(0px, 0px, 0px);\">What is string function in MySQL?</div></div><div><div jsname=\"jIA8B\" class=\"iDjcJe IX9Lgd wwB5gf\" id=\"exacc_EXM0YY2VMYy0Ut7MrYgK40\" style=\"-webkit-box-orient: vertical; color: rgb(32, 33, 36); display: -webkit-box; flex: 1 1 0%; -webkit-line-clamp: unset; margin: 12px 0px; overflow: hidden; font-size: medium; font-family: arial, sans-serif; transform: translate3d(0px, 0px, 0px);\">What is string function in MySQL?</div></div><div><div jsname=\"jIA8B\" class=\"iDjcJe IX9Lgd wwB5gf\" id=\"exacc_EXM0YY2VMYy0Ut7MrYgK40\" style=\"-webkit-box-orient: vertical; color: rgb(32, 33, 36); display: -webkit-box; flex: 1 1 0%; -webkit-line-clamp: unset; margin: 12px 0px; overflow: hidden; font-size: medium; font-family: arial, sans-serif; transform: translate3d(0px, 0px, 0px);\">What is string function in MySQL?</div></div><div><div jsname=\"jIA8B\" class=\"iDjcJe IX9Lgd wwB5gf\" id=\"exacc_EXM0YY2VMYy0Ut7MrYgK40\" style=\"-webkit-box-orient: vertical; color: rgb(32, 33, 36); display: -webkit-box; flex: 1 1 0%; -webkit-line-clamp: unset; margin: 12px 0px; overflow: hidden; font-size: medium; font-family: arial, sans-serif; transform: translate3d(0px, 0px, 0px);\">What is string function in MySQL?</div></div><div><div jsname=\"jIA8B\" class=\"iDjcJe IX9Lgd wwB5gf\" id=\"exacc_EXM0YY2VMYy0Ut7MrYgK40\" style=\"-webkit-box-orient: vertical; color: rgb(32, 33, 36); display: -webkit-box; flex: 1 1 0%; -webkit-line-clamp: unset; margin: 12px 0px; overflow: hidden; font-size: medium; font-family: arial, sans-serif; transform: translate3d(0px, 0px, 0px);\">What is string function in MySQL?</div></div><div><div jsname=\"jIA8B\" class=\"iDjcJe IX9Lgd wwB5gf\" id=\"exacc_EXM0YY2VMYy0Ut7MrYgK40\" style=\"-webkit-box-orient: vertical; color: rgb(32, 33, 36); display: -webkit-box; flex: 1 1 0%; -webkit-line-clamp: unset; margin: 12px 0px; overflow: hidden; font-size: medium; font-family: arial, sans-serif; transform: translate3d(0px, 0px, 0px);\">What is string function in MySQL?</div></div><div><div jsname=\"jIA8B\" class=\"iDjcJe IX9Lgd wwB5gf\" id=\"exacc_EXM0YY2VMYy0Ut7MrYgK40\" style=\"-webkit-box-orient: vertical; color: rgb(32, 33, 36); display: -webkit-box; flex: 1 1 0%; -webkit-line-clamp: unset; margin: 12px 0px; overflow: hidden; font-size: medium; font-family: arial, sans-serif; transform: translate3d(0px, 0px, 0px);\">What is string function in MySQL?</div></div><div><div jsname=\"jIA8B\" class=\"iDjcJe IX9Lgd wwB5gf\" id=\"exacc_EXM0YY2VMYy0Ut7MrYgK40\" style=\"-webkit-box-orient: vertical; color: rgb(32, 33, 36); display: -webkit-box; flex: 1 1 0%; -webkit-line-clamp: unset; margin: 12px 0px; overflow: hidden; font-size: medium; font-family: arial, sans-serif; transform: translate3d(0px, 0px, 0px);\">What is string function in MySQL?</div></div><div><div jsname=\"jIA8B\" class=\"iDjcJe IX9Lgd wwB5gf\" id=\"exacc_EXM0YY2VMYy0Ut7MrYgK40\" style=\"-webkit-box-orient: vertical; color: rgb(32, 33, 36); display: -webkit-box; flex: 1 1 0%; -webkit-line-clamp: unset; margin: 12px 0px; overflow: hidden; font-size: medium; font-family: arial, sans-serif; transform: translate3d(0px, 0px, 0px);\">What is string function in MySQL?</div></div><div><div jsname=\"jIA8B\" class=\"iDjcJe IX9Lgd wwB5gf\" id=\"exacc_EXM0YY2VMYy0Ut7MrYgK40\" style=\"-webkit-box-orient: vertical; color: rgb(32, 33, 36); display: -webkit-box; flex: 1 1 0%; -webkit-line-clamp: unset; margin: 12px 0px; overflow: hidden; font-size: medium; font-family: arial, sans-serif; transform: translate3d(0px, 0px, 0px);\">What is string function in MySQL?</div></div><div><div jsname=\"jIA8B\" class=\"iDjcJe IX9Lgd wwB5gf\" id=\"exacc_EXM0YY2VMYy0Ut7MrYgK40\" style=\"-webkit-box-orient: vertical; color: rgb(32, 33, 36); display: -webkit-box; flex: 1 1 0%; -webkit-line-clamp: unset; margin: 12px 0px; overflow: hidden; font-size: medium; font-family: arial, sans-serif; transform: translate3d(0px, 0px, 0px);\">What is string function in MySQL?</div></div><div><div jsname=\"jIA8B\" class=\"iDjcJe IX9Lgd wwB5gf\" id=\"exacc_EXM0YY2VMYy0Ut7MrYgK40\" style=\"-webkit-box-orient: vertical; color: rgb(32, 33, 36); display: -webkit-box; flex: 1 1 0%; -webkit-line-clamp: unset; margin: 12px 0px; overflow: hidden; font-size: medium; font-family: arial, sans-serif; transform: translate3d(0px, 0px, 0px);\">What is string function in MySQL?</div></div><div><div jsname=\"jIA8B\" class=\"iDjcJe IX9Lgd wwB5gf\" id=\"exacc_EXM0YY2VMYy0Ut7MrYgK40\" style=\"-webkit-box-orient: vertical; color: rgb(32, 33, 36); display: -webkit-box; flex: 1 1 0%; -webkit-line-clamp: unset; margin: 12px 0px; overflow: hidden; font-size: medium; font-family: arial, sans-serif; transform: translate3d(0px, 0px, 0px);\">What is string function in MySQL?</div></div><div><div jsname=\"jIA8B\" class=\"iDjcJe IX9Lgd wwB5gf\" id=\"exacc_EXM0YY2VMYy0Ut7MrYgK40\" style=\"-webkit-box-orient: vertical; color: rgb(32, 33, 36); display: -webkit-box; flex: 1 1 0%; -webkit-line-clamp: unset; margin: 12px 0px; overflow: hidden; font-size: medium; font-family: arial, sans-serif; transform: translate3d(0px, 0px, 0px);\">What is string function in MySQL?</div></div><div><div jsname=\"jIA8B\" class=\"iDjcJe IX9Lgd wwB5gf\" id=\"exacc_EXM0YY2VMYy0Ut7MrYgK40\" style=\"-webkit-box-orient: vertical; color: rgb(32, 33, 36); display: -webkit-box; flex: 1 1 0%; -webkit-line-clamp: unset; margin: 12px 0px; overflow: hidden; font-size: medium; font-family: arial, sans-serif; transform: translate3d(0px, 0px, 0px);\">What is string function in MySQL?</div></div><div><div jsname=\"jIA8B\" class=\"iDjcJe IX9Lgd wwB5gf\" id=\"exacc_EXM0YY2VMYy0Ut7MrYgK40\" style=\"-webkit-box-orient: vertical; color: rgb(32, 33, 36); display: -webkit-box; flex: 1 1 0%; -webkit-line-clamp: unset; margin: 12px 0px; overflow: hidden; font-size: medium; font-family: arial, sans-serif; transform: translate3d(0px, 0px, 0px);\">What is string function in MySQL?</div></div><div><div jsname=\"jIA8B\" class=\"iDjcJe IX9Lgd wwB5gf\" id=\"exacc_EXM0YY2VMYy0Ut7MrYgK40\" style=\"-webkit-box-orient: vertical; color: rgb(32, 33, 36); display: -webkit-box; flex: 1 1 0%; -webkit-line-clamp: unset; margin: 12px 0px; overflow: hidden; font-size: medium; font-family: arial, sans-serif; transform: translate3d(0px, 0px, 0px);\">What is string function in MySQL?</div></div><div><div jsname=\"jIA8B\" class=\"iDjcJe IX9Lgd wwB5gf\" id=\"exacc_EXM0YY2VMYy0Ut7MrYgK40\" style=\"-webkit-box-orient: vertical; color: rgb(32, 33, 36); display: -webkit-box; flex: 1 1 0%; -webkit-line-clamp: unset; margin: 12px 0px; overflow: hidden; font-size: medium; font-family: arial, sans-serif; transform: translate3d(0px, 0px, 0px);\">What is string function in MySQL?</div></div><div><br></div>', 'What is string function in MySQL?', 'publish', 'open', 0, '2021-09-05 10:30:02', 4, 'What ,is, string function, in MySQL?', '../feature/ec8956637a99787bd197eacd77acce5e.png', 195, 0, 0),
(11, '2fa9b4ef82af6ff6a450768e01fd9427', '2021-09-05 14:40:31', 'Carbon is a chemical element with the symbol C and atomic number 6. It is nonmetallic and tetravalentmaking four electrons available to form covalent chemical bonds. It belongs to group 14 of the periodic table. Carbon makes up only about 0.025 percent of Earth\'s crust. Wikipedia\r\nCarbon is a chemical element with the symbol C and atomic number 6. It is nonmetallic and tetravalentmaking four electrons available to form covalent chemical bonds. It belongs to group 14 of the periodic table. Carbon makes up only about 0.025 percent of Earth\'s crust. Wikipedia\r\nCarbon is a chemical element with the symbol C and atomic number 6. It is nonmetallic and tetravalentmaking four electrons available to form covalent chemical bonds. It belongs to group 14 of the periodic table. Carbon makes up only about 0.025 percent of Earth\'s crust. Wikipedia\r\nCarbon is a chemical element with the symbol C and atomic number 6. It is nonmetallic and tetravalentmaking four electrons available to form covalent chemical bonds. It belongs to group 14 of the periodic table. Carbon makes up only about 0.025 percent of Earth\'s crust. Wikipedia\r\nCarbon is a chemical element with the symbol C and atomic number 6. It is nonmetallic and tetravalentmaking four electrons available to form covalent chemical bonds. It belongs to group 14 of the periodic table. Carbon makes up only about 0.025 percent of Earth\'s crust. Wikipedia\r\nCarbon is a chemical element with the symbol C and atomic number 6. It is nonmetallic and tetravalentmaking four electrons available to form covalent chemical bonds. It belongs to group 14 of the periodic table. Carbon makes up only about 0.025 percent of Earth\'s crust. Wikipedia\r\nCarbon is a chemical element with the symbol C and atomic number 6. It is nonmetallic and tetravalentmaking four electrons available to form covalent chemical bonds. It belongs to group 14 of the periodic table. Carbon makes up only about 0.025 percent of Earth\'s crust. Wikipedia\r\nCarbon is a chemical element with the symbol C and atomic number 6. It is nonmetallic and tetravalentmaking four electrons available to form covalent chemical bonds. It belongs to group 14 of the periodic table. Carbon makes up only about 0.025 percent of Earth\'s crust. Wikipedia\r\nCarbon is a chemical element with the symbol C and atomic number 6. It is nonmetallic and tetravalentmaking four electrons available to form covalent chemical bonds. It belongs to group 14 of the periodic table. Carbon makes up only about 0.025 percent of Earth\'s crust. Wikipedia\r\nCarbon is a chemical element with the symbol C and atomic number 6. It is nonmetallic and tetravalentmaking four electrons available to form covalent chemical bonds. It belongs to group 14 of the periodic table. Carbon makes up only about 0.025 percent of Earth\'s crust. Wikipedia\r\nCarbon is a chemical element with the symbol C and atomic number 6. It is nonmetallic and tetravalentmaking four electrons available to form covalent chemical bonds. It belongs to group 14 of the periodic table. Carbon makes up only about 0.025 percent of Earth\'s crust. Wikipedia\r\nCarbon is a chemical element with the symbol C and atomic number 6. It is nonmetallic and tetravalentmaking four electrons available to form covalent chemical bonds. It belongs to group 14 of the periodic table. Carbon makes up only about 0.025 percent of Earth\'s crust. Wikipedia\r\nCarbon is a chemical element with the symbol C and atomic number 6. It is nonmetallic and tetravalentmaking four electrons available to form covalent chemical bonds. It belongs to group 14 of the periodic table. Carbon makes up only about 0.025 percent of Earth\'s crust. Wikipedia\r\nCarbon is a chemical element with the symbol C and atomic number 6. It is nonmetallic and tetravalentmaking four electrons available to form covalent chemical bonds. It belongs to group 14 of the periodic table. Carbon makes up only about 0.025 percent of Earth\'s crust. Wikipedia\r\nCarbon is a chemical element with the symbol C and atomic number 6. It is nonmetallic and tetravalentmaking four electrons available to form covalent chemical bonds. It belongs to group 14 of the periodic table. Carbon makes up only about 0.025 percent of Earth\'s crust. Wikipedia\r\n', 'Carbon is a chemical', 'publish', 'open', 0, '2021-09-05 14:40:31', 2, 'Carbon, is a chemical, element, with, the', '../feature/6cdd60ea0045eb7a6ec44c54d29ed402.jpg', 1, 0, 0),
(12, '2fa9b4ef82af6ff6a450768e01fd9427', '2021-09-05 14:40:41', 'Carbon is a chemical element with the symbol C and atomic number 6. It is nonmetallic and tetravalentmaking four electrons available to form covalent chemical bonds. It belongs to group 14 of the periodic table. Carbon makes up only about 0.025 percent of Earth\'s crust. Wikipedia\r\nCarbon is a chemical element with the symbol C and atomic number 6. It is nonmetallic and tetravalentmaking four electrons available to form covalent chemical bonds. It belongs to group 14 of the periodic table. Carbon makes up only about 0.025 percent of Earth\'s crust. Wikipedia\r\nCarbon is a chemical element with the symbol C and atomic number 6. It is nonmetallic and tetravalentmaking four electrons available to form covalent chemical bonds. It belongs to group 14 of the periodic table. Carbon makes up only about 0.025 percent of Earth\'s crust. Wikipedia\r\nCarbon is a chemical element with the symbol C and atomic number 6. It is nonmetallic and tetravalentmaking four electrons available to form covalent chemical bonds. It belongs to group 14 of the periodic table. Carbon makes up only about 0.025 percent of Earth\'s crust. Wikipedia\r\nCarbon is a chemical element with the symbol C and atomic number 6. It is nonmetallic and tetravalentmaking four electrons available to form covalent chemical bonds. It belongs to group 14 of the periodic table. Carbon makes up only about 0.025 percent of Earth\'s crust. Wikipedia\r\nCarbon is a chemical element with the symbol C and atomic number 6. It is nonmetallic and tetravalentmaking four electrons available to form covalent chemical bonds. It belongs to group 14 of the periodic table. Carbon makes up only about 0.025 percent of Earth\'s crust. Wikipedia\r\nCarbon is a chemical element with the symbol C and atomic number 6. It is nonmetallic and tetravalentmaking four electrons available to form covalent chemical bonds. It belongs to group 14 of the periodic table. Carbon makes up only about 0.025 percent of Earth\'s crust. Wikipedia\r\nCarbon is a chemical element with the symbol C and atomic number 6. It is nonmetallic and tetravalentmaking four electrons available to form covalent chemical bonds. It belongs to group 14 of the periodic table. Carbon makes up only about 0.025 percent of Earth\'s crust. Wikipedia\r\nCarbon is a chemical element with the symbol C and atomic number 6. It is nonmetallic and tetravalentmaking four electrons available to form covalent chemical bonds. It belongs to group 14 of the periodic table. Carbon makes up only about 0.025 percent of Earth\'s crust. Wikipedia\r\nCarbon is a chemical element with the symbol C and atomic number 6. It is nonmetallic and tetravalentmaking four electrons available to form covalent chemical bonds. It belongs to group 14 of the periodic table. Carbon makes up only about 0.025 percent of Earth\'s crust. Wikipedia\r\nCarbon is a chemical element with the symbol C and atomic number 6. It is nonmetallic and tetravalentmaking four electrons available to form covalent chemical bonds. It belongs to group 14 of the periodic table. Carbon makes up only about 0.025 percent of Earth\'s crust. Wikipedia\r\nCarbon is a chemical element with the symbol C and atomic number 6. It is nonmetallic and tetravalentmaking four electrons available to form covalent chemical bonds. It belongs to group 14 of the periodic table. Carbon makes up only about 0.025 percent of Earth\'s crust. Wikipedia\r\nCarbon is a chemical element with the symbol C and atomic number 6. It is nonmetallic and tetravalentmaking four electrons available to form covalent chemical bonds. It belongs to group 14 of the periodic table. Carbon makes up only about 0.025 percent of Earth\'s crust. Wikipedia\r\nCarbon is a chemical element with the symbol C and atomic number 6. It is nonmetallic and tetravalentmaking four electrons available to form covalent chemical bonds. It belongs to group 14 of the periodic table. Carbon makes up only about 0.025 percent of Earth\'s crust. Wikipedia\r\nCarbon is a chemical element with the symbol C and atomic number 6. It is nonmetallic and tetravalentmaking four electrons available to form covalent chemical bonds. It belongs to group 14 of the periodic table. Carbon makes up only about 0.025 percent of Earth\'s crust. Wikipedia\r\n', 'Carbon is a chemical', 'publish', 'open', 0, '2021-09-05 14:40:41', 2, 'Carbon, is a chemical, element, with, the', '../feature/6cdd60ea0045eb7a6ec44c54d29ed402.jpg', 2, 0, 0),
(13, '2fa9b4ef82af6ff6a450768e01fd9427', '2021-09-05 14:40:46', 'Carbon is a chemical element with the symbol C and atomic number 6. It is nonmetallic and tetravalentmaking four electrons available to form covalent chemical bonds. It belongs to group 14 of the periodic table. Carbon makes up only about 0.025 percent of Earth\'s crust. Wikipedia\r\nCarbon is a chemical element with the symbol C and atomic number 6. It is nonmetallic and tetravalentmaking four electrons available to form covalent chemical bonds. It belongs to group 14 of the periodic table. Carbon makes up only about 0.025 percent of Earth\'s crust. Wikipedia\r\nCarbon is a chemical element with the symbol C and atomic number 6. It is nonmetallic and tetravalentmaking four electrons available to form covalent chemical bonds. It belongs to group 14 of the periodic table. Carbon makes up only about 0.025 percent of Earth\'s crust. Wikipedia\r\nCarbon is a chemical element with the symbol C and atomic number 6. It is nonmetallic and tetravalentmaking four electrons available to form covalent chemical bonds. It belongs to group 14 of the periodic table. Carbon makes up only about 0.025 percent of Earth\'s crust. Wikipedia\r\nCarbon is a chemical element with the symbol C and atomic number 6. It is nonmetallic and tetravalentmaking four electrons available to form covalent chemical bonds. It belongs to group 14 of the periodic table. Carbon makes up only about 0.025 percent of Earth\'s crust. Wikipedia\r\nCarbon is a chemical element with the symbol C and atomic number 6. It is nonmetallic and tetravalentmaking four electrons available to form covalent chemical bonds. It belongs to group 14 of the periodic table. Carbon makes up only about 0.025 percent of Earth\'s crust. Wikipedia\r\nCarbon is a chemical element with the symbol C and atomic number 6. It is nonmetallic and tetravalentmaking four electrons available to form covalent chemical bonds. It belongs to group 14 of the periodic table. Carbon makes up only about 0.025 percent of Earth\'s crust. Wikipedia\r\nCarbon is a chemical element with the symbol C and atomic number 6. It is nonmetallic and tetravalentmaking four electrons available to form covalent chemical bonds. It belongs to group 14 of the periodic table. Carbon makes up only about 0.025 percent of Earth\'s crust. Wikipedia\r\nCarbon is a chemical element with the symbol C and atomic number 6. It is nonmetallic and tetravalentmaking four electrons available to form covalent chemical bonds. It belongs to group 14 of the periodic table. Carbon makes up only about 0.025 percent of Earth\'s crust. Wikipedia\r\nCarbon is a chemical element with the symbol C and atomic number 6. It is nonmetallic and tetravalentmaking four electrons available to form covalent chemical bonds. It belongs to group 14 of the periodic table. Carbon makes up only about 0.025 percent of Earth\'s crust. Wikipedia\r\nCarbon is a chemical element with the symbol C and atomic number 6. It is nonmetallic and tetravalentmaking four electrons available to form covalent chemical bonds. It belongs to group 14 of the periodic table. Carbon makes up only about 0.025 percent of Earth\'s crust. Wikipedia\r\nCarbon is a chemical element with the symbol C and atomic number 6. It is nonmetallic and tetravalentmaking four electrons available to form covalent chemical bonds. It belongs to group 14 of the periodic table. Carbon makes up only about 0.025 percent of Earth\'s crust. Wikipedia\r\nCarbon is a chemical element with the symbol C and atomic number 6. It is nonmetallic and tetravalentmaking four electrons available to form covalent chemical bonds. It belongs to group 14 of the periodic table. Carbon makes up only about 0.025 percent of Earth\'s crust. Wikipedia\r\nCarbon is a chemical element with the symbol C and atomic number 6. It is nonmetallic and tetravalentmaking four electrons available to form covalent chemical bonds. It belongs to group 14 of the periodic table. Carbon makes up only about 0.025 percent of Earth\'s crust. Wikipedia\r\nCarbon is a chemical element with the symbol C and atomic number 6. It is nonmetallic and tetravalentmaking four electrons available to form covalent chemical bonds. It belongs to group 14 of the periodic table. Carbon makes up only about 0.025 percent of Earth\'s crust. Wikipedia\r\n', 'Carbon is a chemical', 'publish', 'open', 0, '2021-09-05 14:40:46', 2, 'Carbon, is a chemical, element, with, the', '../feature/6cdd60ea0045eb7a6ec44c54d29ed402.jpg', 0, 0, 0);
INSERT INTO `posts` (`id`, `post_author`, `post_date`, `post_content`, `post_title`, `post_status`, `comment_status`, `post_comment_count`, `post_modified`, `post_categoryID`, `post_tags`, `post_feature_image`, `post_views`, `post_likes`, `post_dislikes`) VALUES
(14, '2fa9b4ef82af6ff6a450768e01fd9427', '2021-09-05 14:40:51', 'Carbon is a chemical element with the symbol C and atomic number 6. It is nonmetallic and tetravalentmaking four electrons available to form covalent chemical bonds. It belongs to group 14 of the periodic table. Carbon makes up only about 0.025 percent of Earth\'s crust. Wikipedia\r\nCarbon is a chemical element with the symbol C and atomic number 6. It is nonmetallic and tetravalentmaking four electrons available to form covalent chemical bonds. It belongs to group 14 of the periodic table. Carbon makes up only about 0.025 percent of Earth\'s crust. Wikipedia\r\nCarbon is a chemical element with the symbol C and atomic number 6. It is nonmetallic and tetravalentmaking four electrons available to form covalent chemical bonds. It belongs to group 14 of the periodic table. Carbon makes up only about 0.025 percent of Earth\'s crust. Wikipedia\r\nCarbon is a chemical element with the symbol C and atomic number 6. It is nonmetallic and tetravalentmaking four electrons available to form covalent chemical bonds. It belongs to group 14 of the periodic table. Carbon makes up only about 0.025 percent of Earth\'s crust. Wikipedia\r\nCarbon is a chemical element with the symbol C and atomic number 6. It is nonmetallic and tetravalentmaking four electrons available to form covalent chemical bonds. It belongs to group 14 of the periodic table. Carbon makes up only about 0.025 percent of Earth\'s crust. Wikipedia\r\nCarbon is a chemical element with the symbol C and atomic number 6. It is nonmetallic and tetravalentmaking four electrons available to form covalent chemical bonds. It belongs to group 14 of the periodic table. Carbon makes up only about 0.025 percent of Earth\'s crust. Wikipedia\r\nCarbon is a chemical element with the symbol C and atomic number 6. It is nonmetallic and tetravalentmaking four electrons available to form covalent chemical bonds. It belongs to group 14 of the periodic table. Carbon makes up only about 0.025 percent of Earth\'s crust. Wikipedia\r\nCarbon is a chemical element with the symbol C and atomic number 6. It is nonmetallic and tetravalentmaking four electrons available to form covalent chemical bonds. It belongs to group 14 of the periodic table. Carbon makes up only about 0.025 percent of Earth\'s crust. Wikipedia\r\nCarbon is a chemical element with the symbol C and atomic number 6. It is nonmetallic and tetravalentmaking four electrons available to form covalent chemical bonds. It belongs to group 14 of the periodic table. Carbon makes up only about 0.025 percent of Earth\'s crust. Wikipedia\r\nCarbon is a chemical element with the symbol C and atomic number 6. It is nonmetallic and tetravalentmaking four electrons available to form covalent chemical bonds. It belongs to group 14 of the periodic table. Carbon makes up only about 0.025 percent of Earth\'s crust. Wikipedia\r\nCarbon is a chemical element with the symbol C and atomic number 6. It is nonmetallic and tetravalentmaking four electrons available to form covalent chemical bonds. It belongs to group 14 of the periodic table. Carbon makes up only about 0.025 percent of Earth\'s crust. Wikipedia\r\nCarbon is a chemical element with the symbol C and atomic number 6. It is nonmetallic and tetravalentmaking four electrons available to form covalent chemical bonds. It belongs to group 14 of the periodic table. Carbon makes up only about 0.025 percent of Earth\'s crust. Wikipedia\r\nCarbon is a chemical element with the symbol C and atomic number 6. It is nonmetallic and tetravalentmaking four electrons available to form covalent chemical bonds. It belongs to group 14 of the periodic table. Carbon makes up only about 0.025 percent of Earth\'s crust. Wikipedia\r\nCarbon is a chemical element with the symbol C and atomic number 6. It is nonmetallic and tetravalentmaking four electrons available to form covalent chemical bonds. It belongs to group 14 of the periodic table. Carbon makes up only about 0.025 percent of Earth\'s crust. Wikipedia\r\nCarbon is a chemical element with the symbol C and atomic number 6. It is nonmetallic and tetravalentmaking four electrons available to form covalent chemical bonds. It belongs to group 14 of the periodic table. Carbon makes up only about 0.025 percent of Earth\'s crust. Wikipedia\r\n', 'Carbon is a chemical', 'publish', 'open', 0, '2021-09-05 14:40:51', 2, 'Carbon, is a chemical, element, with, the', '../feature/6cdd60ea0045eb7a6ec44c54d29ed402.jpg', 18, 1, 0),
(15, '2fa9b4ef82af6ff6a450768e01fd9427', '2021-09-05 14:40:55', 'Carbon is a chemical element with the symbol C and atomic number 6. It is nonmetallic and tetravalentmaking four electrons available to form covalent chemical bonds. It belongs to group 14 of the periodic table. Carbon makes up only about 0.025 percent of Earth\'s crust. Wikipedia\r\nCarbon is a chemical element with the symbol C and atomic number 6. It is nonmetallic and tetravalentmaking four electrons available to form covalent chemical bonds. It belongs to group 14 of the periodic table. Carbon makes up only about 0.025 percent of Earth\'s crust. Wikipedia\r\nCarbon is a chemical element with the symbol C and atomic number 6. It is nonmetallic and tetravalentmaking four electrons available to form covalent chemical bonds. It belongs to group 14 of the periodic table. Carbon makes up only about 0.025 percent of Earth\'s crust. Wikipedia\r\nCarbon is a chemical element with the symbol C and atomic number 6. It is nonmetallic and tetravalentmaking four electrons available to form covalent chemical bonds. It belongs to group 14 of the periodic table. Carbon makes up only about 0.025 percent of Earth\'s crust. Wikipedia\r\nCarbon is a chemical element with the symbol C and atomic number 6. It is nonmetallic and tetravalentmaking four electrons available to form covalent chemical bonds. It belongs to group 14 of the periodic table. Carbon makes up only about 0.025 percent of Earth\'s crust. Wikipedia\r\nCarbon is a chemical element with the symbol C and atomic number 6. It is nonmetallic and tetravalentmaking four electrons available to form covalent chemical bonds. It belongs to group 14 of the periodic table. Carbon makes up only about 0.025 percent of Earth\'s crust. Wikipedia\r\nCarbon is a chemical element with the symbol C and atomic number 6. It is nonmetallic and tetravalentmaking four electrons available to form covalent chemical bonds. It belongs to group 14 of the periodic table. Carbon makes up only about 0.025 percent of Earth\'s crust. Wikipedia\r\nCarbon is a chemical element with the symbol C and atomic number 6. It is nonmetallic and tetravalentmaking four electrons available to form covalent chemical bonds. It belongs to group 14 of the periodic table. Carbon makes up only about 0.025 percent of Earth\'s crust. Wikipedia\r\nCarbon is a chemical element with the symbol C and atomic number 6. It is nonmetallic and tetravalentmaking four electrons available to form covalent chemical bonds. It belongs to group 14 of the periodic table. Carbon makes up only about 0.025 percent of Earth\'s crust. Wikipedia\r\nCarbon is a chemical element with the symbol C and atomic number 6. It is nonmetallic and tetravalentmaking four electrons available to form covalent chemical bonds. It belongs to group 14 of the periodic table. Carbon makes up only about 0.025 percent of Earth\'s crust. Wikipedia\r\nCarbon is a chemical element with the symbol C and atomic number 6. It is nonmetallic and tetravalentmaking four electrons available to form covalent chemical bonds. It belongs to group 14 of the periodic table. Carbon makes up only about 0.025 percent of Earth\'s crust. Wikipedia\r\nCarbon is a chemical element with the symbol C and atomic number 6. It is nonmetallic and tetravalentmaking four electrons available to form covalent chemical bonds. It belongs to group 14 of the periodic table. Carbon makes up only about 0.025 percent of Earth\'s crust. Wikipedia\r\nCarbon is a chemical element with the symbol C and atomic number 6. It is nonmetallic and tetravalentmaking four electrons available to form covalent chemical bonds. It belongs to group 14 of the periodic table. Carbon makes up only about 0.025 percent of Earth\'s crust. Wikipedia\r\nCarbon is a chemical element with the symbol C and atomic number 6. It is nonmetallic and tetravalentmaking four electrons available to form covalent chemical bonds. It belongs to group 14 of the periodic table. Carbon makes up only about 0.025 percent of Earth\'s crust. Wikipedia\r\nCarbon is a chemical element with the symbol C and atomic number 6. It is nonmetallic and tetravalentmaking four electrons available to form covalent chemical bonds. It belongs to group 14 of the periodic table. Carbon makes up only about 0.025 percent of Earth\'s crust. Wikipedia\r\n', 'Carbon is a chemical', 'publish', 'open', 0, '2021-09-05 14:40:55', 2, 'Carbon, is a chemical, element, with, the', '../feature/6cdd60ea0045eb7a6ec44c54d29ed402.jpg', 2, 0, 0),
(16, '2fa9b4ef82af6ff6a450768e01fd9427', '2021-09-05 14:41:00', 'Carbon is a chemical element with the symbol C and atomic number 6. It is nonmetallic and tetravalentmaking four electrons available to form covalent chemical bonds. It belongs to group 14 of the periodic table. Carbon makes up only about 0.025 percent of Earth\'s crust. Wikipedia\r\nCarbon is a chemical element with the symbol C and atomic number 6. It is nonmetallic and tetravalentmaking four electrons available to form covalent chemical bonds. It belongs to group 14 of the periodic table. Carbon makes up only about 0.025 percent of Earth\'s crust. Wikipedia\r\nCarbon is a chemical element with the symbol C and atomic number 6. It is nonmetallic and tetravalentmaking four electrons available to form covalent chemical bonds. It belongs to group 14 of the periodic table. Carbon makes up only about 0.025 percent of Earth\'s crust. Wikipedia\r\nCarbon is a chemical element with the symbol C and atomic number 6. It is nonmetallic and tetravalentmaking four electrons available to form covalent chemical bonds. It belongs to group 14 of the periodic table. Carbon makes up only about 0.025 percent of Earth\'s crust. Wikipedia\r\nCarbon is a chemical element with the symbol C and atomic number 6. It is nonmetallic and tetravalentmaking four electrons available to form covalent chemical bonds. It belongs to group 14 of the periodic table. Carbon makes up only about 0.025 percent of Earth\'s crust. Wikipedia\r\nCarbon is a chemical element with the symbol C and atomic number 6. It is nonmetallic and tetravalentmaking four electrons available to form covalent chemical bonds. It belongs to group 14 of the periodic table. Carbon makes up only about 0.025 percent of Earth\'s crust. Wikipedia\r\nCarbon is a chemical element with the symbol C and atomic number 6. It is nonmetallic and tetravalentmaking four electrons available to form covalent chemical bonds. It belongs to group 14 of the periodic table. Carbon makes up only about 0.025 percent of Earth\'s crust. Wikipedia\r\nCarbon is a chemical element with the symbol C and atomic number 6. It is nonmetallic and tetravalentmaking four electrons available to form covalent chemical bonds. It belongs to group 14 of the periodic table. Carbon makes up only about 0.025 percent of Earth\'s crust. Wikipedia\r\nCarbon is a chemical element with the symbol C and atomic number 6. It is nonmetallic and tetravalentmaking four electrons available to form covalent chemical bonds. It belongs to group 14 of the periodic table. Carbon makes up only about 0.025 percent of Earth\'s crust. Wikipedia\r\nCarbon is a chemical element with the symbol C and atomic number 6. It is nonmetallic and tetravalentmaking four electrons available to form covalent chemical bonds. It belongs to group 14 of the periodic table. Carbon makes up only about 0.025 percent of Earth\'s crust. Wikipedia\r\nCarbon is a chemical element with the symbol C and atomic number 6. It is nonmetallic and tetravalentmaking four electrons available to form covalent chemical bonds. It belongs to group 14 of the periodic table. Carbon makes up only about 0.025 percent of Earth\'s crust. Wikipedia\r\nCarbon is a chemical element with the symbol C and atomic number 6. It is nonmetallic and tetravalentmaking four electrons available to form covalent chemical bonds. It belongs to group 14 of the periodic table. Carbon makes up only about 0.025 percent of Earth\'s crust. Wikipedia\r\nCarbon is a chemical element with the symbol C and atomic number 6. It is nonmetallic and tetravalentmaking four electrons available to form covalent chemical bonds. It belongs to group 14 of the periodic table. Carbon makes up only about 0.025 percent of Earth\'s crust. Wikipedia\r\nCarbon is a chemical element with the symbol C and atomic number 6. It is nonmetallic and tetravalentmaking four electrons available to form covalent chemical bonds. It belongs to group 14 of the periodic table. Carbon makes up only about 0.025 percent of Earth\'s crust. Wikipedia\r\nCarbon is a chemical element with the symbol C and atomic number 6. It is nonmetallic and tetravalentmaking four electrons available to form covalent chemical bonds. It belongs to group 14 of the periodic table. Carbon makes up only about 0.025 percent of Earth\'s crust. Wikipedia\r\n', 'Carbon is a chemical', 'publish', 'open', 0, '2021-09-05 14:41:00', 2, 'Carbon, is a chemical, element, with, the', '../feature/6cdd60ea0045eb7a6ec44c54d29ed402.jpg', 13, 2, 1),
(17, '9bb707b84eb0d6330d0ec69386edf84f', '2021-09-07 05:18:40', '<p>this was a test from test at test froom test is test to test</p><p><br></p><p><br></p><p><br></p><p><a href=\"https://github.com/single-byte/portfolio\" target=\"_blank\">single-byte</a><br></p>', 'No description, website, or topics provided?', 'publish', 'open', 0, '2021-09-07 05:18:40', 5, 'pakistan,danger,test', '../feature/9b8619251a19057cff70779273e95aa6.jpg', 19, 0, 0),
(18, '9bb707b84eb0d6330d0ec69386edf84f', '2021-09-07 05:33:33', '<p>a blog with no comments</p><p>khan<br></p>', 'khan', 'publish', 'close', 0, '2021-09-07 05:33:33', 5, 'khan', '../feature/bd686fd640be98efaae0091fa301e613.jpg', 11, 0, 0),
(19, '9bb707b84eb0d6330d0ec69386edf84f', '2021-09-09 05:37:45', '<p>This post is from drafts</p><pre>This post is from drafts<br></pre><p><img src=\"../posts/65b9eea6e1cc6bb9f0cd2a47751a186f.jpg\" alt=\"sdsdfsdsdsfdfdfedfdewrrrrrrrrrr\" title=\"sdsdfsdsdsfdfdfedfdewrrrrrrrrrr\" style=\"width: 25%;\">&nbsp; i edited this blog&nbsp; &nbsp; sdsdfsdsdsfdfdfedfdewrrrrrrrrrr&nbsp;sdsdfsdsdsfdfdfedfdewrrrrrrrrrrsdsdfsdsdsfdfdfedfdewrrrrrrrrrrsdsdfsdsdsfdfdfedfdewrrrrrrrrrrsdsdfsdsdsfdfdfedfdewrrrrrrrrrrsdsdfsdsdsfdfdfedfdewrrrrrrrrrrsdsdfsdsdsfdfdfedfdewrrrrrrrrrrsdsdfsdsdsfdfdfedfdewrrrrrrrrrrsdsdfsdsdsfdfdfedfdewrrrrrrrrrrsdsdfsdsdsfdfdfedfdewrrrrrrrrrr</p><p>sdsdfsdsdsfdf <a href=\"https://stackoverflow.com/questions/5568965/get-data-from-mysql-database-to-use-in-javascript\" target=\"_blank\">dfedfdew</a>&nbsp;<br></p>', 'This post is from drafts', 'publish', 'open', 0, '2021-09-09 05:37:45', 6, 'This post is from drafts', '../feature/006f52e9102a8d3be2fe5614f42ba989.png', 14, 4, 4),
(20, '9bb707b84eb0d6330d0ec69386edf84f', '2021-09-09 05:52:12', '<p>second draftsecond draftsecond draftsecond draftsecond draftsecond draftsecond draftsecond draftsecond draftsecond draftsecond draftsecond draftsecond draftsecond draftsecond draftsecond draftsecond draftsecond draftsecond draftsecond draftsecond draftsecond draftsecond draftsecond draftsecond draftsecond draftsecond draftsecond draftsecond draftsecond draftsecond draftsecond draftsecond draftsecond draft</p><p><br></p><p><br></p><table class=\"table table-bordered\"><tbody><tr><td>second draft<br></td><td>second draft<br></td><td>second draft<br></td></tr><tr><td>second draft<br></td><td>second draft<br></td><td>second draft<br></td></tr><tr><td><br></td><td>second draft<br></td><td><br></td></tr><tr><td>second draft<br></td><td><br></td><td>second draft<br></td></tr></tbody></table><p>second draftsecond draftsecond draftsecond draftsecond draftsecond draftsecond draft</p><p><br></p><p><font color=\"#000000\" style=\"background-color: rgb(255, 255, 0);\">second draftsecond draft</font><br></p>', 'second draftsecond draftsecond draftsecond draft', 'publish', 'open', 0, '2021-09-09 05:52:12', 5, 'second draft', '../feature/8d5e957f297893487bd98fa830fa6413.jpg', 17, 8, 5),
(21, '9bb707b84eb0d6330d0ec69386edf84f', '2021-09-09 05:53:49', '<p>second draftsecond draftsecond draftsecond draftsecond draftsecond draftsecond draftsecond draftsecond draftsecond draftsecond draftsecond draftsecond draftsecond draftsecond draftsecond draftsecond draftsecond draftsecond draftsecond draftsecond draftsecond draftsecond draftsecond draftsecond draftsecond draftsecond draftsecond draftsecond draftsecond draftsecond draftsecond draftsecond draftsecond draft</p><p><br></p><p><br></p><table class=\"table table-bordered\"><tbody><tr><td>second draft<br></td><td>second draft<br></td><td>second draft<br></td></tr><tr><td>second draft<br></td><td>second draft<br></td><td>second draft<br></td></tr><tr><td><br></td><td>second draft<br></td><td><br></td></tr><tr><td>second draft<br></td><td><br></td><td>second draft<br></td></tr></tbody></table><p>second draftsecond draftsecond draftsecond draftsecond draftsecond draftsecond draft</p><p><br></p><p><font color=\"#000000\" style=\"background-color: rgb(255, 255, 0);\">second draftsecond draft</font><br></p>', 'second draftsecond draftsecond draftsecond draft', 'publish', 'open', 0, '2021-09-09 05:53:49', 5, 'second draft', '../feature/37a749d808e46495a8da1e5352d03cae.jpg', 8, 1, 1),
(22, '62d13cbb5bc791305f4bd04372fb86fc', '2022-01-30 15:26:42', '<p><b><u>New articleNew articleNew articleNew a</u></b></p><p><span style=\"font-family: Impact;\">rticleNew articleNew articleNew articleN</span></p><p>ew articleNew articleNew articleNew articleNew articleNew articleNew articleNew articleNew articleNew articleNew articleNew articleNew articleNew articleNew articleNew articleNew articleNew articleNew articleNew articleNew articleNew articleNew articleNew article<br></p>', 'New article', 'publish', 'open', 1, '2022-01-30 15:26:42', 7, 'New article,New article,New article', '76141761061f6ae3242e41mixcolor.webp', 1, 0, 0),
(23, '62d13cbb5bc791305f4bd04372fb86fc', '2022-01-30 15:28:18', '<p><b><u>New articleNew articleNew articleNew a</u></b></p><p><span style=\"font-family: Impact;\">rticleNew articleNew articleNew articleN</span></p><p>ew articleNew articleNew articleNew articleNew articleNew articleNew articleNew articleNew articleNew articleNew articleNew articleNew articleNew articleNew articleNew articleNew articleNew articleNew articleNew articleNew articleNew articleNew articleNew article<br></p>', 'New article part2', 'publish', 'open', 0, '2022-01-30 15:28:18', 7, 'New article,New article,New article', '212238824761f6ae928c502mixcolor.webp', 5, 0, 0),
(24, '62d13cbb5bc791305f4bd04372fb86fc', '2022-01-30 15:30:11', '<p><b><u>New articleNew articleNew articleNew a</u></b></p><p><span style=\"font-family: Impact;\">rticleNew articleNew articleNew articleN</span></p><p>ew articleNew articleNew articleNew articleNew articleNew articleNew articleNew articleNew articleNew articleNew articleNew articleNew articleNew articleNew articleNew articleNew articleNew articleNew articleNew articleNew articleNew articleNew articleNew article<br></p>', 'New article part 3', 'publish', 'open', 1, '2022-01-30 15:30:11', 8, 'New article,dfgdfg,dfgdfgdfg', '187804241161f6af0334049mixcolor.webp', 10, 0, 0),
(25, '62d13cbb5bc791305f4bd04372fb86fc', '2022-01-30 16:44:43', '', '', 'draft', 'open', 0, '2022-01-30 16:44:43', 8, '', '', 0, 0, 0),
(26, '62d13cbb5bc791305f4bd04372fb86fc', '2022-01-30 17:03:18', '', 'Article Tags (seperated by ,)', 'draft', 'open', 0, '2022-01-30 17:03:18', 0, '', '', 0, 0, 0),
(27, '62d13cbb5bc791305f4bd04372fb86fc', '2022-01-30 17:04:30', 'Article Body/Contentclick&amp;nbsp;&amp;nbsp;and then write (recommended but not necessary)Article Body/Contentclick&amp;nbsp;&amp;nbsp;and then write (recommended but not necessary)Article Body/Contentclick&amp;nbsp;&amp;nbsp;and then write (recommended but not necessary)', 'Article Tags (seperated by ,)', 'draft', 'open', 0, '2022-01-30 17:04:30', 0, '', '', 0, 0, 0),
(28, '62d13cbb5bc791305f4bd04372fb86fc', '2022-01-30 17:05:05', 'Article Body/Contentclick&amp;nbsp;&amp;nbsp;and then write (recommended but not necessary)Article Body/Contentclick&amp;nbsp;&amp;nbsp;and then write (recommended but not necessary)Article Body/Contentclick&amp;nbsp;&amp;nbsp;and then write (recommended but not necessary)', 'Article Tags (seperated by ,)', 'draft', 'open', 0, '2022-01-30 17:05:05', 8, '', '', 1, 0, 0),
(29, '62d13cbb5bc791305f4bd04372fb86fc', '2022-01-30 17:06:45', 'Article Body/Contentclick&amp;nbsp;&amp;nbsp;and then write (recommended but not necessary)Article Body/Contentclick&amp;nbsp;&amp;nbsp;and then write (recommended but not necessary)Article Body/Contentclick&amp;nbsp;&amp;nbsp;and then write (recommended but not necessary)', 'Article Tags (seperated by ,)', 'draft', 'open', 0, '2022-01-30 17:06:45', 8, '', '../feature/208241869161f6c5a597af7images (1).webp', 0, 0, 0),
(30, '62d13cbb5bc791305f4bd04372fb86fc', '2022-01-30 17:09:42', 'Article Body/Contentclick&amp;nbsp;&amp;nbsp;and then write (recommended but not necessary)Article Body/Contentclick&amp;nbsp;&amp;nbsp;and then write (recommended but not necessary)Article Body/Contentclick&amp;nbsp;&amp;nbsp;and then write (recommended but not necessary)', 'Article Tags (seperated by ,)', 'draft', 'open', 0, '2022-01-30 17:09:42', 8, '', '../feature/190964496661f6c656990c2images (1).webp', 1, 0, 0),
(31, '62d13cbb5bc791305f4bd04372fb86fc', '2022-01-30 17:15:58', 'Article Body/Contentclick&amp;nbsp;&amp;nbsp;and then write (recommended but not necessary)Article Body/Contentclick&amp;nbsp;&amp;nbsp;and then write (recommended but not necessary)Article Body/Contentclick&amp;nbsp;&amp;nbsp;and then write (recommended but not necessary)', 'Article Tags (seperated by ,)', 'draft', 'open', 0, '2022-01-30 17:15:58', 8, '', '../feature/10044069061f6c7ce0c5f9images (2).webp', 2, 2, 2),
(32, '62d13cbb5bc791305f4bd04372fb86fc', '2022-01-30 17:19:02', '<p><label class=\"mb-0\" style=\"background-color: rgb(248, 249, 252);\">Article Body/Content<span class=\"align-middle fas fa-info-circle help-tool ml-3 text-muted\" data-toggle=\"tooltip\" data-placement=\"top\" title=\"\" data-original-title=\"The main body of the article is where the writer presents the central idea in greater detail.\"></span></label><span style=\"background-color: rgb(248, 249, 252);\"></span><small class=\"text-muted d-block mb-3\" style=\"font-size: 12.8px; background-color: rgb(248, 249, 252);\">click&nbsp;<span class=\" fas fa-expand-arrows-alt\"></span>&nbsp;and then write (recommended but not necessary)<span style=\"color: black; font-family: Nunito, -apple-system, BlinkMacSystemFont, &quot;Segoe UI&quot;, Roboto, &quot;Helvetica Neue&quot;, Arial, sans-serif, &quot;Apple Color Emoji&quot;, &quot;Segoe UI Emoji&quot;, &quot;Segoe UI Symbol&quot;, &quot;Noto Color Emoji&quot;; font-size: 1rem;\">Article Body/Content</span></small><label class=\"mb-0\" style=\"background-color: rgb(248, 249, 252);\"><span class=\"align-middle fas fa-info-circle help-tool ml-3 text-muted\" data-toggle=\"tooltip\" data-placement=\"top\" title=\"\" data-original-title=\"The main body of the article is where the writer presents the central idea in greater detail.\"></span></label><span style=\"background-color: rgb(248, 249, 252);\"></span><small class=\"text-muted d-block mb-3\" style=\"font-size: 12.8px; background-color: rgb(248, 249, 252);\">click&nbsp;<span class=\" fas fa-expand-arrows-alt\"></span>&nbsp;and then write (recommended but not necessary)<span style=\"color: black; font-family: Nunito, -apple-system, BlinkMacSystemFont, &quot;Segoe UI&quot;, Roboto, &quot;Helvetica Neue&quot;, Arial, sans-serif, &quot;Apple Color Emoji&quot;, &quot;Segoe UI Emoji&quot;, &quot;Segoe UI Symbol&quot;, &quot;Noto Color Emoji&quot;; font-size: 1rem;\">Article Body/Content</span></small><label class=\"mb-0\" style=\"background-color: rgb(248, 249, 252);\"><span class=\"align-middle fas fa-info-circle help-tool ml-3 text-muted\" data-toggle=\"tooltip\" data-placement=\"top\" title=\"\" data-original-title=\"The main body of the article is where the writer presents the central idea in greater detail.\"></span></label><span style=\"background-color: rgb(248, 249, 252);\"></span><small class=\"text-muted d-block mb-3\" style=\"font-size: 12.8px; background-color: rgb(248, 249, 252);\">click&nbsp;<span class=\" fas fa-expand-arrows-alt\"></span>&nbsp;and then write (recommended but not necessary)</small></p>', 'Write An Article', 'publish', 'open', 0, '2022-01-30 17:19:02', 8, 'dsf,dsf,sdf,,df,s,f,s', '123901432061f6c886c5c18images (2).webp', 3, 0, 0),
(33, '62d13cbb5bc791305f4bd04372fb86fc', '2022-01-30 17:20:34', '', 'Article Feature ImageArticle Feature Image', 'draft', 'open', 0, '2022-01-30 17:20:34', 0, '', '184063759261f6c8e27b6c7gig2.webp', 0, 0, 0),
(34, '62d13cbb5bc791305f4bd04372fb86fc', '2022-02-04 15:43:32', '<p>this is normal paragraph</p><pre>this is html or css\r\nor js code in my code\r\nu dont know it yet</pre><h1>This is heading one</h1><h2>This is heading two</h2><h3>This is heading three</h3><h4>This is heading four</h4><h5>This is heading five</h5><h6>This is heading six</h6><p>This is <b>bold</b> text</p><p><i>This is italic text</i></p><p><i><a href=\"http://google.com\" target=\"_blank\">This is a link</a></i></p><table class=\"table table-bordered\"><tbody><tr><td>table</td><td>table</td></tr><tr><td>table</td><td>table2</td></tr></tbody></table><ol><li><i>list</i></li><li><i>list</i></li></ol><p><i><br></i></p><p><i><br></i></p><p><i>oopasdp</i></p><ul><li><i>list lis</i></li><li><i>sbdsd</i></li></ul><p><i><br></i></p><p><img src=\"../posts/185286954061fd493a0ad44blog1_feature.webp\" style=\"width: 50%;\"><i><br></i></p><p><img src=\"https://web.livecricket.is/img/logo.png\" style=\"width: 219px;\"><i><br></i></p><p><i><br></i></p>', 'Livecricket.is - Live Streaming of Cricket Matches', 'publish', 'open', 0, '2022-02-04 15:43:32', 9, 'test,live,cricket,best', '93965292361fd49a4426bbfootball-1439055_1920.webp', 28, 2, 0),
(35, '62d13cbb5bc791305f4bd04372fb86fc', '2022-02-04 16:45:28', '<p>Haan ji kis kis ne sre mein choka lena hai?Haan ji kis kis ne sre mein choka lena hai?Haan ji kis kis ne sre mein choka lena hai?Haan ji kis kis ne sre mein choka lena hai?Haan ji kis kis ne sre mein choka lena hai?Haan ji kis kis ne sre mein choka lena hai?Haan ji kis kis ne sre mein choka lena hai?Haan ji kis kis ne sre mein choka lena hai?Haan ji kis kis ne sre mein choka lena hai?Haan ji kis kis ne sre mein choka lena hai?Haan ji kis kis ne sre mein choka lena hai?Haan ji kis kis ne sre mein choka lena hai?Haan ji kis kis ne sre mein choka lena hai?Haan ji kis kis ne sre mein choka lena hai?Haan ji kis kis ne sre mein choka lena hai?<br></p>', 'Haan ji kis kis ne sre mein choka lena hai?', 'publish', 'open', 0, '2022-02-04 16:45:28', 10, 'fsdf,sdf,,df,s,f,,df', '148890842661fd5828ad75abasketball-108622_1920.webp', 11, 1, 0);

-- --------------------------------------------------------

--
-- Table structure for table `roles`
--

DROP TABLE IF EXISTS `roles`;
CREATE TABLE IF NOT EXISTS `roles` (
  `id` int(11) NOT NULL AUTO_INCREMENT,
  `role` varchar(20) NOT NULL,
  PRIMARY KEY (`id`)
) ENGINE=MyISAM AUTO_INCREMENT=3 DEFAULT CHARSET=latin1;

--
-- Dumping data for table `roles`
--

INSERT INTO `roles` (`id`, `role`) VALUES
(1, 'admin'),
(2, 'editor');

-- --------------------------------------------------------

--
-- Table structure for table `users`
--

DROP TABLE IF EXISTS `users`;
CREATE TABLE IF NOT EXISTS `users` (
  `user_id` bigint(20) NOT NULL AUTO_INCREMENT,
  `userkey` varchar(255) NOT NULL,
  `name` varchar(255) NOT NULL,
  `email` varchar(100) NOT NULL,
  `password` varchar(255) NOT NULL,
  `profile_pic` text NOT NULL,
  `user_registered` timestamp NOT NULL DEFAULT CURRENT_TIMESTAMP,
  `user_status` int(11) NOT NULL DEFAULT '0',
  `user_description` longtext NOT NULL,
  PRIMARY KEY (`user_id`)
) ENGINE=MyISAM AUTO_INCREMENT=9 DEFAULT CHARSET=latin1;

--
-- Dumping data for table `users`
--

INSERT INTO `users` (`user_id`, `userkey`, `name`, `email`, `password`, `profile_pic`, `user_registered`, `user_status`, `user_description`) VALUES
(1, '2fa9b4ef82af6ff6a450768e01fd9427', 'Ammar Ahmad', 'admin', '$2y$12$W0.pxJzxLHG5ugrk5BBU/uAWJXp/o2W.E15aVwR23CjH9UdqCWgNG', 'test4.png', '2021-08-29 07:25:40', 0, 'Lorem ipsum dolor sit amet consectetur adipisicing elit. Dolore eos eveniet minus assumenda illo ut natus beatae rerum rem maxime consequatur, quidem, reiciendis impedit recusandae.'),
(4, 'ad6940762b5846101cd7cf59e09a480d', 'test', 'jk@hmail.com', '$2y$12$juv63XAXkMDMcPXFlvNRveKxG7Lph8ZbHdeYwNXcs1wvVGp.JARZu', '61367756979f2unnamed.jpg', '2021-09-06 20:17:27', 0, 'test is best'),
(3, '9bb707b84eb0d6330d0ec69386edf84f', 'jk', 'jk@gmail.com', '$2y$12$hT.UJi0pGXZ/VxPxMsHpMu44ef5BXrjsmjeZIP9e5H/D./9kTbsSu', '613676cfade48petergun.png', '2021-09-06 20:15:12', 0, 'jk is the future billioniore'),
(5, '7dfc40daace031c7ac9c755cddafec6c', 'Johar Khan', 'test@gmail.com', '$2y$12$kqI09./jS0wNWlLBLc9za.pR2jWhnTi2yIQIfefJgW4eUfRsl10iu', '61fe58d95ce161570646346473.png', '2022-01-27 16:10:49', 0, 'A person is a being that has certain capacities or attributes such as reason, morality, consciousness or self-consciousness, and being a part of a culturally established form of social relations such as kinship, ownership of property, or legal responsibility. test'),
(7, '62d13cbb5bc791305f4bd04372fb86fc', 'admin', 'admin@gmail.com', '$2y$12$fZalhA8XWYcedAj.JmQVh.t5PttPGptAumMnT.H4UARgMjBbPJRnC', '61f439691659f20200619_093827.jpg', '2022-01-28 18:43:54', 0, 'I am admin and I feel good!'),
(8, 'efc53b78862eb9631d1558c0c45d74d4', 'bla', 'bla@gmail.com', '$2y$12$HFxnAlEzm7tF211dlxpxyOlH0cUs.7TWHk9XziD3UFBjZR6J.gZF6', '61f6ad0ca345eballs.jpg', '2022-01-30 15:21:49', 0, 'blablablablablablablablablablablablablablablablablablablablablablablablablablablablabla');

-- --------------------------------------------------------

--
-- Table structure for table `user_roles`
--

DROP TABLE IF EXISTS `user_roles`;
CREATE TABLE IF NOT EXISTS `user_roles` (
  `id` int(11) NOT NULL AUTO_INCREMENT,
  `userkey` varchar(255) COLLATE armscii8_bin NOT NULL,
  `roleId` int(11) NOT NULL,
  PRIMARY KEY (`id`)
) ENGINE=MyISAM AUTO_INCREMENT=6 DEFAULT CHARSET=armscii8 COLLATE=armscii8_bin;

--
-- Dumping data for table `user_roles`
--

INSERT INTO `user_roles` (`id`, `userkey`, `roleId`) VALUES
(1, '2fa9b4ef82af6ff6a450768e01fd9427', 1),
(2, 'ads', 2),
(3, '9bb707b84eb0d6330d0ec69386edf84f', 2),
(4, 'ad6940762b5846101cd7cf59e09a480d', 2),
(5, '7dfc40daace031c7ac9c755cddafec6c', 2);
COMMIT;

/*!40101 SET CHARACTER_SET_CLIENT=@OLD_CHARACTER_SET_CLIENT */;
/*!40101 SET CHARACTER_SET_RESULTS=@OLD_CHARACTER_SET_RESULTS */;
/*!40101 SET COLLATION_CONNECTION=@OLD_COLLATION_CONNECTION */;
